timestamp,open,high,low,close,volume,trades
2025-01-01T00:00:00Z,43000.00,43000.47,42999.12,42999.50,0.688936,18
2025-01-01T00:00:01Z,42999.50,42999.65,42998.18,42998.91,0.369619,7
2025-01-01T00:00:02Z,42998.91,42999.63,42997.00,42997.78,0.479109,14
2025-01-01T00:00:03Z,42997.78,42998.36,42992.28,42992.55,0.664423,3
2025-01-01T00:00:04Z,42992.55,42993.14,42989.74,42990.19,0.178274,4
2025-01-01T00:00:05Z,42990.19,42994.09,42989.54,42992.41,0.477908,20
2025-01-01T00:00:06Z,42992.41,42995.20,42992.29,42994.87,0.676751,3
2025-01-01T00:00:07Z,42994.87,42996.34,42991.23,42992.72,0.304794,12
2025-01-01T00:00:08Z,42992.72,42995.56,42991.51,42994.40,0.435852,6
2025-01-01T00:00:09Z,42994.40,42998.07,42993.98,42997.15,0.351923,18
2025-01-01T00:00:10Z,42997.15,42999.06,42997.06,42997.74,0.335952,19
2025-01-01T00:00:11Z,42997.74,43002.24,42997.19,43000.73,0.458686,15
2025-01-01T00:00:12Z,43000.73,43003.19,42999.80,43001.91,0.532965,19
2025-01-01T00:00:13Z,43001.91,43004.07,43001.53,43003.39,0.149757,14
2025-01-01T00:00:14Z,43003.39,43004.41,42999.80,43000.60,0.228262,1
2025-01-01T00:00:15Z,43000.60,43001.77,42998.48,42998.68,0.521615,10
2025-01-01T00:00:16Z,42998.68,43000.32,42993.71,42995.21,0.245026,6
2025-01-01T00:00:17Z,42995.21,42997.60,42995.03,42996.73,0.725293,17
2025-01-01T00:00:18Z,42996.73,42998.04,42994.27,42995.20,0.611943,1
2025-01-01T00:00:19Z,42995.20,42996.23,42993.11,42993.95,0.218137,10
2025-01-01T00:00:20Z,42993.95,42995.10,42993.81,42994.12,1.084625,18
2025-01-01T00:00:21Z,42994.12,42997.99,42993.90,42996.68,0.350956,9
2025-01-01T00:00:22Z,42996.68,42998.34,42990.46,42992.06,0.745286,10
2025-01-01T00:00:23Z,42992.06,42992.74,42990.09,42991.25,0.124733,15
2025-01-01T00:00:24Z,42991.25,42993.62,42990.24,42993.03,0.273385,3
2025-01-01T00:00:25Z,42993.03,42995.95,42992.93,42994.73,0.272701,9
2025-01-01T00:00:26Z,42994.73,42994.96,42991.97,42993.58,0.412945,16
2025-01-01T00:00:27Z,42993.58,42994.97,42991.17,42991.50,0.200352,14
2025-01-01T00:00:28Z,42991.50,42991.59,42984.56,42985.68,0.420411,11
2025-01-01T00:00:29Z,42985.68,42990.71,42985.50,42989.33,0.207944,5
2025-01-01T00:00:30Z,42989.33,42989.76,42985.30,42986.89,0.258768,18
2025-01-01T00:00:31Z,42986.89,42988.38,42985.77,42988.21,0.381111,3
2025-01-01T00:00:32Z,42988.21,42994.48,42987.37,42994.20,0.244158,2
2025-01-01T00:00:33Z,42994.20,42994.48,42991.22,42991.22,0.102374,15
2025-01-01T00:00:34Z,42991.22,42992.48,42988.72,42990.07,0.482142,7
2025-01-01T00:00:35Z,42990.07,42995.77,42988.40,42995.26,0.426713,11
2025-01-01T00:00:36Z,42995.26,43000.40,42993.79,42999.54,0.236367,20
2025-01-01T00:00:37Z,42999.54,43001.26,42998.05,43001.15,0.089526,19
2025-01-01T00:00:38Z,43001.15,43002.33,43000.43,43001.27,0.427584,9
2025-01-01T00:00:39Z,43001.27,43006.25,43000.04,43005.90,0.253860,10
2025-01-01T00:00:40Z,43005.90,43007.51,42998.27,42998.28,0.466645,4
2025-01-01T00:00:41Z,42998.28,43000.52,42997.92,43000.40,0.322106,18
2025-01-01T00:00:42Z,43000.40,43002.09,42997.92,42999.05,0.220639,5
2025-01-01T00:00:43Z,42999.05,42999.50,42993.00,42994.53,0.470579,10
2025-01-01T00:00:44Z,42994.53,42994.88,42989.12,42990.22,0.247631,2
2025-01-01T00:00:45Z,42990.22,42990.37,42986.15,42986.88,0.698270,9
2025-01-01T00:00:46Z,42986.88,42990.07,42985.92,42988.85,0.445994,2
2025-01-01T00:00:47Z,42988.85,42993.46,42987.85,42992.02,0.260295,10
2025-01-01T00:00:48Z,42992.02,42993.69,42986.69,42986.76,0.250669,4
2025-01-01T00:00:49Z,42986.76,42993.39,42985.80,42992.78,0.280935,6
2025-01-01T00:00:50Z,42992.78,42994.63,42992.21,42993.36,0.143597,4
2025-01-01T00:00:51Z,42993.36,42994.02,42992.79,42992.86,0.356504,15
2025-01-01T00:00:52Z,42992.86,42994.36,42988.75,42989.14,0.462181,9
2025-01-01T00:00:53Z,42989.14,42995.80,42987.47,42994.32,0.216872,13
2025-01-01T00:00:54Z,42994.32,42994.89,42991.44,42991.49,0.569931,19
2025-01-01T00:00:55Z,42991.49,42993.15,42985.07,42985.52,0.203101,11
2025-01-01T00:00:56Z,42985.52,42985.72,42974.87,42976.41,0.328162,18
2025-01-01T00:00:57Z,42976.41,42981.46,42974.80,42980.28,0.473887,14
2025-01-01T00:00:58Z,42980.28,42985.46,42979.74,42984.90,1.067362,10
2025-01-01T00:00:59Z,42984.90,42987.95,42983.75,42987.08,0.224833,18
2025-01-01T00:01:00Z,42987.08,42991.21,42985.91,42989.60,0.903604,10
2025-01-01T00:01:01Z,42989.60,42992.89,42988.16,42992.19,0.297305,19
2025-01-01T00:01:02Z,42992.19,42992.95,42988.67,42989.83,0.385377,6
2025-01-01T00:01:03Z,42989.83,42990.96,42987.48,42987.96,0.532137,3
2025-01-01T00:01:04Z,42987.96,42991.53,42987.58,42990.37,0.242442,3
2025-01-01T00:01:05Z,42990.37,42991.16,42983.65,42985.18,0.463222,13
2025-01-01T00:01:06Z,42985.18,42986.31,42982.62,42982.63,0.938133,4
2025-01-01T00:01:07Z,42982.63,42984.07,42982.25,42982.74,0.867469,15
2025-01-01T00:01:08Z,42982.74,42986.69,42981.95,42985.23,0.800722,18
2025-01-01T00:01:09Z,42985.23,42987.08,42983.60,42986.06,0.875286,17
2025-01-01T00:01:10Z,42986.06,42986.82,42979.09,42979.36,0.646520,8
2025-01-01T00:01:11Z,42979.36,42984.16,42978.89,42982.71,0.583987,8
2025-01-01T00:01:12Z,42982.71,42983.20,42982.05,42982.52,0.262816,5
2025-01-01T00:01:13Z,42982.52,42984.17,42981.86,42983.91,0.251863,14
2025-01-01T00:01:14Z,42983.91,42984.62,42979.98,42980.33,0.179101,19
2025-01-01T00:01:15Z,42980.33,42984.34,42980.30,42982.71,0.794150,16
2025-01-01T00:01:16Z,42982.71,42987.23,42981.24,42985.93,0.718528,18
2025-01-01T00:01:17Z,42985.93,42987.45,42984.39,42986.07,0.362806,16
2025-01-01T00:01:18Z,42986.07,42990.32,42985.38,42989.16,0.214501,5
2025-01-01T00:01:19Z,42989.16,42991.43,42988.24,42989.74,0.865271,1
2025-01-01T00:01:20Z,42989.74,42994.40,42989.43,42992.91,0.270942,15
2025-01-01T00:01:21Z,42992.91,42995.33,42991.60,42994.76,0.242177,14
2025-01-01T00:01:22Z,42994.76,42994.80,42993.84,42994.77,0.662788,2
2025-01-01T00:01:23Z,42994.77,42997.51,42993.13,42996.21,0.261520,4
2025-01-01T00:01:24Z,42996.21,42997.42,42992.70,42994.02,0.178076,4
2025-01-01T00:01:25Z,42994.02,42995.35,42992.82,42993.10,0.250397,10
2025-01-01T00:01:26Z,42993.10,42993.74,42984.83,42986.44,0.195075,8
2025-01-01T00:01:27Z,42986.44,42986.62,42981.70,42983.03,0.780318,4
2025-01-01T00:01:28Z,42983.03,42984.39,42982.11,42984.32,0.426906,11
2025-01-01T00:01:29Z,42984.32,42984.34,42979.37,42980.09,0.362462,12
2025-01-01T00:01:30Z,42980.09,42981.31,42975.11,42975.86,0.131568,18
2025-01-01T00:01:31Z,42975.86,42977.19,42970.23,42971.03,0.730234,11
2025-01-01T00:01:32Z,42971.03,42975.07,42969.51,42974.92,0.244036,20
2025-01-01T00:01:33Z,42974.92,42976.07,42969.17,42969.75,0.365227,16
2025-01-01T00:01:34Z,42969.75,42971.81,42968.23,42971.22,0.466938,1
2025-01-01T00:01:35Z,42971.22,42978.11,42970.89,42977.22,0.253152,18
2025-01-01T00:01:36Z,42977.22,42978.63,42976.38,42977.52,0.485317,8
2025-01-01T00:01:37Z,42977.52,42978.21,42971.87,42972.29,0.459733,18
2025-01-01T00:01:38Z,42972.29,42973.57,42968.19,42968.76,0.467039,9
2025-01-01T00:01:39Z,42968.76,42969.16,42966.85,42968.09,0.198822,6
2025-01-01T00:01:40Z,42968.09,42970.62,42967.08,42970.14,0.639896,4
2025-01-01T00:01:41Z,42970.14,42976.86,42969.63,42975.43,0.310048,18
2025-01-01T00:01:42Z,42975.43,42976.28,42974.92,42976.19,0.468426,1
2025-01-01T00:01:43Z,42976.19,42977.96,42975.38,42976.97,0.345554,2
2025-01-01T00:01:44Z,42976.97,42977.16,42976.78,42976.89,0.361773,2
2025-01-01T00:01:45Z,42976.89,42984.02,42975.50,42983.76,0.225654,14
2025-01-01T00:01:46Z,42983.76,42984.15,42978.12,42979.01,0.340899,19
2025-01-01T00:01:47Z,42979.01,42980.72,42974.75,42975.28,0.479954,4
2025-01-01T00:01:48Z,42975.28,42977.89,42974.14,42977.53,0.257676,3
2025-01-01T00:01:49Z,42977.53,42977.80,42976.10,42976.80,0.499790,2
2025-01-01T00:01:50Z,42976.80,42978.67,42976.02,42977.46,0.710683,7
2025-01-01T00:01:51Z,42977.46,42983.57,42976.52,42982.84,1.466178,5
2025-01-01T00:01:52Z,42982.84,42985.27,42981.55,42984.74,0.399895,4
2025-01-01T00:01:53Z,42984.74,42986.47,42984.21,42985.67,0.327945,18
2025-01-01T00:01:54Z,42985.67,42985.74,42983.55,42984.29,0.300200,3
2025-01-01T00:01:55Z,42984.29,42984.77,42983.13,42984.38,0.778010,1
2025-01-01T00:01:56Z,42984.38,42990.01,42984.31,42989.55,0.557186,15
2025-01-01T00:01:57Z,42989.55,42991.14,42989.24,42989.57,0.449513,16
2025-01-01T00:01:58Z,42989.57,42994.10,42989.01,42993.40,0.245574,14
2025-01-01T00:01:59Z,42993.40,42994.60,42992.19,42992.69,0.398049,11
2025-01-01T00:02:00Z,42992.69,42994.02,42991.20,42992.69,0.662906,2
2025-01-01T00:02:01Z,42992.69,42994.76,42992.07,42994.44,0.661808,2
2025-01-01T00:02:02Z,42994.44,42997.31,42993.68,42995.72,0.446442,20
2025-01-01T00:02:03Z,42995.72,43001.29,42994.50,42999.91,0.332274,4
2025-01-01T00:02:04Z,42999.91,43001.34,42997.42,42998.28,0.537032,9
2025-01-01T00:02:05Z,42998.28,42999.44,42997.45,42998.72,0.352091,5
2025-01-01T00:02:06Z,42998.72,42999.60,42991.47,42992.98,0.566335,14
2025-01-01T00:02:07Z,42992.98,42998.79,42991.62,42998.20,1.212936,19
2025-01-01T00:02:08Z,42998.20,43002.48,42997.28,43002.23,0.273493,18
2025-01-01T00:02:09Z,43002.23,43002.88,43000.62,43002.24,0.255866,14
2025-01-01T00:02:10Z,43002.24,43008.96,43000.84,43007.74,0.275118,5
2025-01-01T00:02:11Z,43007.74,43010.17,43007.68,43009.32,0.369648,4
2025-01-01T00:02:12Z,43009.32,43012.87,43008.53,43011.97,0.508335,5
2025-01-01T00:02:13Z,43011.97,43012.09,43008.02,43009.37,0.215456,13
2025-01-01T00:02:14Z,43009.37,43010.83,43003.97,43005.45,0.316441,16
2025-01-01T00:02:15Z,43005.45,43006.95,42999.99,43000.05,0.534701,4
2025-01-01T00:02:16Z,43000.05,43000.61,42999.76,43000.44,0.313611,12
2025-01-01T00:02:17Z,43000.44,43001.08,42994.87,42995.12,0.391248,6
2025-01-01T00:02:18Z,42995.12,42997.33,42994.05,42995.83,0.208441,9
2025-01-01T00:02:19Z,42995.83,42997.88,42994.68,42997.09,0.697587,10
2025-01-01T00:02:20Z,42997.09,42997.85,42995.65,42996.24,0.452957,14
2025-01-01T00:02:21Z,42996.24,42997.43,42993.69,42994.47,0.313880,10
2025-01-01T00:02:22Z,42994.47,42999.07,42993.34,42997.38,0.235594,2
2025-01-01T00:02:23Z,42997.38,42998.95,42996.01,42997.29,0.500182,12
2025-01-01T00:02:24Z,42997.29,42998.20,42995.99,42997.76,0.754937,5
2025-01-01T00:02:25Z,42997.76,43001.08,42996.21,43000.00,0.441155,15
2025-01-01T00:02:26Z,43000.00,43003.47,42998.43,43003.24,0.285277,7
2025-01-01T00:02:27Z,43003.24,43004.19,43002.31,43003.96,0.871139,9
2025-01-01T00:02:28Z,43003.96,43006.71,43003.14,43005.29,1.038008,11
2025-01-01T00:02:29Z,43005.29,43006.67,43002.21,43003.01,0.177792,13
2025-01-01T00:02:30Z,43003.01,43009.77,43001.65,43009.14,0.326757,9
2025-01-01T00:02:31Z,43009.14,43010.14,43006.50,43007.91,0.779935,20
2025-01-01T00:02:32Z,43007.91,43009.59,43006.35,43008.17,0.276165,5
2025-01-01T00:02:33Z,43008.17,43009.52,43008.11,43009.44,0.224946,13
2025-01-01T00:02:34Z,43009.44,43010.72,43002.94,43004.57,0.281068,5
2025-01-01T00:02:35Z,43004.57,43007.61,43003.44,43006.09,0.774696,9
2025-01-01T00:02:36Z,43006.09,43010.13,43004.45,43009.37,0.521854,12
2025-01-01T00:02:37Z,43009.37,43010.19,43008.89,43010.09,0.499646,7
2025-01-01T00:02:38Z,43010.09,43010.12,43005.86,43007.21,0.286034,19
2025-01-01T00:02:39Z,43007.21,43007.57,43002.22,43003.65,0.411649,8
2025-01-01T00:02:40Z,43003.65,43005.20,43002.77,43002.77,0.526994,5
2025-01-01T00:02:41Z,43002.77,43005.46,43001.40,43004.53,0.224894,8
2025-01-01T00:02:42Z,43004.53,43004.98,43003.83,43004.05,0.340790,3
2025-01-01T00:02:43Z,43004.05,43004.87,43002.43,43003.77,0.372598,17
2025-01-01T00:02:44Z,43003.77,43005.91,43002.21,43004.66,0.447164,1
2025-01-01T00:02:45Z,43004.66,43009.49,43003.84,43009.39,0.281158,16
2025-01-01T00:02:46Z,43009.39,43010.93,43008.00,43008.56,0.260485,20
2025-01-01T00:02:47Z,43008.56,43009.65,43004.04,43004.98,0.385960,20
2025-01-01T00:02:48Z,43004.98,43005.18,42998.37,42999.50,0.757376,7
2025-01-01T00:02:49Z,42999.50,43002.88,42997.97,43002.14,0.239700,13
2025-01-01T00:02:50Z,43002.14,43002.87,42999.71,43000.86,0.323925,16
2025-01-01T00:02:51Z,43000.86,43001.79,42999.43,43001.68,1.092194,18
2025-01-01T00:02:52Z,43001.68,43010.70,43000.52,43009.74,0.200830,14
2025-01-01T00:02:53Z,43009.74,43014.45,43008.50,43012.96,0.272127,7
2025-01-01T00:02:54Z,43012.96,43016.69,43012.35,43015.23,0.388496,9
2025-01-01T00:02:55Z,43015.23,43019.53,43013.84,43018.54,0.745890,18
2025-01-01T00:02:56Z,43018.54,43027.82,43018.08,43026.40,0.146306,10
2025-01-01T00:02:57Z,43026.40,43029.33,43025.79,43027.74,0.267410,13
2025-01-01T00:02:58Z,43027.74,43034.59,43027.59,43032.92,0.383627,15
2025-01-01T00:02:59Z,43032.92,43035.95,43032.28,43035.36,0.862203,19
2025-01-01T00:03:00Z,43035.36,43035.63,43028.24,43029.54,0.337997,20
2025-01-01T00:03:01Z,43029.54,43030.30,43025.06,43025.53,0.470842,14
2025-01-01T00:03:02Z,43025.53,43030.58,43024.63,43029.56,0.297953,20
2025-01-01T00:03:03Z,43029.56,43033.03,43029.21,43032.93,0.506055,4
2025-01-01T00:03:04Z,43032.93,43038.99,43032.28,43038.68,0.521830,12
2025-01-01T00:03:05Z,43038.68,43039.14,43037.20,43039.01,0.428411,14
2025-01-01T00:03:06Z,43039.01,43040.67,43037.90,43038.20,0.749118,12
2025-01-01T00:03:07Z,43038.20,43041.80,43036.74,43041.65,0.215340,17
2025-01-01T00:03:08Z,43041.65,43049.11,43041.27,43047.83,0.476740,4
2025-01-01T00:03:09Z,43047.83,43052.10,43047.50,43051.18,0.530009,5
2025-01-01T00:03:10Z,43051.18,43051.74,43050.15,43051.40,0.703225,6
2025-01-01T00:03:11Z,43051.40,43055.02,43050.32,43053.38,0.342709,19
2025-01-01T00:03:12Z,43053.38,43054.36,43044.92,43046.01,0.807993,11
2025-01-01T00:03:13Z,43046.01,43048.79,43045.90,43048.53,0.342630,9
2025-01-01T00:03:14Z,43048.53,43048.66,43045.10,43045.89,0.196262,10
2025-01-01T00:03:15Z,43045.89,43046.02,43042.71,43044.20,0.811879,17
2025-01-01T00:03:16Z,43044.20,43045.84,43039.59,43040.86,0.396816,20
2025-01-01T00:03:17Z,43040.86,43044.74,43040.60,43043.92,0.619674,3
2025-01-01T00:03:18Z,43043.92,43044.35,43041.11,43041.86,0.329929,6
2025-01-01T00:03:19Z,43041.86,43042.49,43040.27,43041.85,0.239744,20
2025-01-01T00:03:20Z,43041.85,43047.08,43041.28,43046.51,0.398938,9
2025-01-01T00:03:21Z,43046.51,43049.38,43045.37,43048.13,0.261177,5
2025-01-01T00:03:22Z,43048.13,43051.88,43046.99,43050.75,0.123305,3
2025-01-01T00:03:23Z,43050.75,43051.29,43048.68,43049.33,0.863404,17
2025-01-01T00:03:24Z,43049.33,43054.53,43049.29,43053.65,0.205863,7
2025-01-01T00:03:25Z,43053.65,43056.94,43053.42,43056.55,0.202335,20
2025-01-01T00:03:26Z,43056.55,43059.16,43055.12,43058.88,1.243282,6
2025-01-01T00:03:27Z,43058.88,43062.64,43058.81,43061.39,0.242902,15
2025-01-01T00:03:28Z,43061.39,43062.74,43056.62,43057.03,0.162695,19
2025-01-01T00:03:29Z,43057.03,43058.72,43052.60,43053.40,0.271761,17
2025-01-01T00:03:30Z,43053.40,43053.74,43050.62,43051.67,0.358267,4
2025-01-01T00:03:31Z,43051.67,43053.95,43050.78,43052.72,0.216728,17
2025-01-01T00:03:32Z,43052.72,43056.63,43052.34,43055.00,0.344917,1
2025-01-01T00:03:33Z,43055.00,43058.72,43054.32,43058.01,0.308472,3
2025-01-01T00:03:34Z,43058.01,43059.61,43056.04,43057.48,0.681528,5
2025-01-01T00:03:35Z,43057.48,43058.19,43055.90,43058.12,0.319852,16
2025-01-01T00:03:36Z,43058.12,43058.26,43057.40,43057.84,0.695444,20
2025-01-01T00:03:37Z,43057.84,43058.92,43057.65,43058.01,0.283630,2
2025-01-01T00:03:38Z,43058.01,43059.50,43057.91,43058.43,0.655341,18
2025-01-01T00:03:39Z,43058.43,43063.42,43057.54,43063.39,0.284090,14
2025-01-01T00:03:40Z,43063.39,43067.64,43063.07,43066.66,0.497977,12
2025-01-01T00:03:41Z,43066.66,43066.87,43065.75,43066.75,0.630442,18
2025-01-01T00:03:42Z,43066.75,43073.83,43066.08,43073.76,0.239287,12
2025-01-01T00:03:43Z,43073.76,43076.07,43073.16,43074.71,0.629702,19
2025-01-01T00:03:44Z,43074.71,43074.78,43073.54,43074.48,0.509663,15
2025-01-01T00:03:45Z,43074.48,43076.17,43070.63,43071.45,0.268472,15
2025-01-01T00:03:46Z,43071.45,43075.12,43069.92,43073.76,0.292508,13
2025-01-01T00:03:47Z,43073.76,43076.06,43072.82,43074.35,0.156034,7
2025-01-01T00:03:48Z,43074.35,43074.43,43071.74,43072.87,0.139534,14
2025-01-01T00:03:49Z,43072.87,43081.14,43071.59,43079.61,0.638836,6
2025-01-01T00:03:50Z,43079.61,43081.20,43074.73,43075.63,0.947894,3
2025-01-01T00:03:51Z,43075.63,43076.53,43073.91,43075.79,0.249548,4
2025-01-01T00:03:52Z,43075.79,43080.81,43074.75,43080.29,0.299908,12
2025-01-01T00:03:53Z,43080.29,43083.56,43079.03,43082.79,0.920066,14
2025-01-01T00:03:54Z,43082.79,43084.42,43081.24,43081.37,0.442755,6
2025-01-01T00:03:55Z,43081.37,43092.60,43081.12,43090.96,0.560983,2
2025-01-01T00:03:56Z,43090.96,43093.91,43090.33,43092.79,0.214293,12
2025-01-01T00:03:57Z,43092.79,43095.30,43091.48,43094.66,0.420948,13
2025-01-01T00:03:58Z,43094.66,43096.31,43093.58,43093.62,0.210470,18
2025-01-01T00:03:59Z,43093.62,43096.45,43092.29,43096.25,0.459705,20
2025-01-01T00:04:00Z,43096.25,43097.09,43094.39,43094.61,0.639102,15
2025-01-01T00:04:01Z,43094.61,43103.88,43093.21,43102.16,0.603899,18
2025-01-01T00:04:02Z,43102.16,43103.63,43093.98,43095.21,0.614359,4
2025-01-01T00:04:03Z,43095.21,43096.91,43092.01,43093.37,0.235440,12
2025-01-01T00:04:04Z,43093.37,43094.76,43089.36,43090.31,0.408642,10
2025-01-01T00:04:05Z,43090.31,43091.00,43088.04,43089.28,0.356629,14
2025-01-01T00:04:06Z,43089.28,43091.61,43088.17,43089.94,0.321699,12
2025-01-01T00:04:07Z,43089.94,43090.16,43087.36,43088.79,0.409326,5
2025-01-01T00:04:08Z,43088.79,43088.89,43081.74,43081.95,0.257613,11
2025-01-01T00:04:09Z,43081.95,43086.74,43081.56,43085.13,0.816951,10
2025-01-01T00:04:10Z,43085.13,43087.77,43084.18,43086.67,0.231965,18
2025-01-01T00:04:11Z,43086.67,43086.83,43083.48,43084.58,0.443876,6
2025-01-01T00:04:12Z,43084.58,43085.62,43080.21,43081.66,0.502704,1
2025-01-01T00:04:13Z,43081.66,43081.80,43075.47,43077.10,0.504666,7
2025-01-01T00:04:14Z,43077.10,43078.65,43076.24,43077.54,0.428938,10
2025-01-01T00:04:15Z,43077.54,43078.38,43072.67,43074.05,0.461098,3
2025-01-01T00:04:16Z,43074.05,43074.77,43072.56,43073.36,0.313463,11
2025-01-01T00:04:17Z,43073.36,43074.62,43070.07,43071.55,0.285553,11
2025-01-01T00:04:18Z,43071.55,43072.48,43071.31,43071.71,0.629290,6
2025-01-01T00:04:19Z,43071.71,43074.93,43070.10,43073.53,0.464925,6
2025-01-01T00:04:20Z,43073.53,43074.39,43068.92,43069.45,0.423241,7
2025-01-01T00:04:21Z,43069.45,43070.57,43069.37,43069.56,0.230854,16
2025-01-01T00:04:22Z,43069.56,43069.75,43069.30,43069.53,0.267525,13
2025-01-01T00:04:23Z,43069.53,43070.66,43068.84,43070.03,0.396474,18
2025-01-01T00:04:24Z,43070.03,43070.80,43068.33,43069.28,0.771541,20
2025-01-01T00:04:25Z,43069.28,43072.85,43067.60,43072.65,0.236051,11
2025-01-01T00:04:26Z,43072.65,43072.90,43068.60,43069.64,0.336844,2
2025-01-01T00:04:27Z,43069.64,43069.88,43067.97,43068.54,0.352934,20
2025-01-01T00:04:28Z,43068.54,43071.69,43067.99,43070.09,0.289550,10
2025-01-01T00:04:29Z,43070.09,43071.11,43068.11,43068.98,0.373937,19
2025-01-01T00:04:30Z,43068.98,43069.61,43065.94,43067.10,0.929334,1
2025-01-01T00:04:31Z,43067.10,43074.22,43066.64,43073.19,0.401375,2
2025-01-01T00:04:32Z,43073.19,43074.28,43070.37,43071.44,0.518604,8
2025-01-01T00:04:33Z,43071.44,43071.49,43068.82,43070.45,0.304731,7
2025-01-01T00:04:34Z,43070.45,43072.04,43063.98,43065.49,0.456452,5
2025-01-01T00:04:35Z,43065.49,43069.63,43064.52,43068.73,0.341602,18
2025-01-01T00:04:36Z,43068.73,43069.97,43064.08,43065.19,0.562849,7
2025-01-01T00:04:37Z,43065.19,43071.61,43064.71,43069.96,0.648817,16
2025-01-01T00:04:38Z,43069.96,43071.57,43067.35,43068.72,0.294850,18
2025-01-01T00:04:39Z,43068.72,43072.36,43067.03,43071.70,0.531659,10
2025-01-01T00:04:40Z,43071.70,43074.71,43070.57,43073.12,0.481869,18
2025-01-01T00:04:41Z,43073.12,43073.58,43071.83,43072.80,0.295255,19
2025-01-01T00:04:42Z,43072.80,43074.50,43072.41,43072.94,0.285167,11
2025-01-01T00:04:43Z,43072.94,43075.36,43072.77,43074.12,0.676498,14
2025-01-01T00:04:44Z,43074.12,43074.94,43069.00,43070.12,0.500562,10
2025-01-01T00:04:45Z,43070.12,43071.23,43062.80,43064.37,0.160913,18
2025-01-01T00:04:46Z,43064.37,43064.43,43062.37,43063.96,0.238418,2
2025-01-01T00:04:47Z,43063.96,43065.68,43056.65,43057.33,0.345604,10
2025-01-01T00:04:48Z,43057.33,43058.72,43057.15,43057.74,0.337905,17
2025-01-01T00:04:49Z,43057.74,43058.55,43057.15,43057.48,0.247406,15
2025-01-01T00:04:50Z,43057.48,43057.51,43053.70,43054.28,0.214383,7
2025-01-01T00:04:51Z,43054.28,43054.58,43048.48,43049.95,0.373197,4
2025-01-01T00:04:52Z,43049.95,43051.33,43049.52,43050.78,0.281280,9
2025-01-01T00:04:53Z,43050.78,43054.23,43050.26,43052.59,0.565000,2
2025-01-01T00:04:54Z,43052.59,43052.86,43049.57,43050.76,0.776736,10
2025-01-01T00:04:55Z,43050.76,43051.39,43047.10,43047.48,0.780211,15
2025-01-01T00:04:56Z,43047.48,43048.20,43046.53,43047.48,0.348504,7
2025-01-01T00:04:57Z,43047.48,43048.79,43041.68,43042.86,0.541465,17
2025-01-01T00:04:58Z,43042.86,43042.99,43036.88,43037.85,0.160252,17
2025-01-01T00:04:59Z,43037.85,43040.04,43036.93,43039.69,0.314730,19
2025-01-01T00:05:00Z,43039.69,43040.46,43032.31,43032.41,0.214369,19
2025-01-01T00:05:01Z,43032.41,43033.10,43031.61,43033.00,0.952526,13
2025-01-01T00:05:02Z,43033.00,43033.44,43032.87,43033.06,0.295689,18
2025-01-01T00:05:03Z,43033.06,43035.12,43031.46,43033.41,0.186472,5
2025-01-01T00:05:04Z,43033.41,43035.54,43032.68,43034.42,0.729497,13
2025-01-01T00:05:05Z,43034.42,43035.07,43023.84,43025.01,0.497200,12
2025-01-01T00:05:06Z,43025.01,43033.72,43024.80,43033.04,0.328582,14
2025-01-01T00:05:07Z,43033.04,43041.37,43031.62,43040.45,0.264151,9
2025-01-01T00:05:08Z,43040.45,43044.49,43040.40,43043.17,0.525630,1
2025-01-01T00:05:09Z,43043.17,43050.17,43043.06,43049.76,0.425526,2
2025-01-01T00:05:10Z,43049.76,43050.62,43048.83,43049.86,0.974722,5
2025-01-01T00:05:11Z,43049.86,43051.84,43049.37,43050.97,1.008932,11
2025-01-01T00:05:12Z,43050.97,43052.38,43045.40,43045.81,0.379494,9
2025-01-01T00:05:13Z,43045.81,43045.91,43041.48,43043.11,0.444269,16
2025-01-01T00:05:14Z,43043.11,43047.32,43042.46,43046.21,0.394197,14
2025-01-01T00:05:15Z,43046.21,43047.47,43045.57,43047.21,0.556830,8
2025-01-01T00:05:16Z,43047.21,43048.60,43044.02,43045.59,1.937045,18
2025-01-01T00:05:17Z,43045.59,43051.71,43044.92,43050.79,0.268800,3
2025-01-01T00:05:18Z,43050.79,43056.92,43049.55,43056.76,0.255911,20
2025-01-01T00:05:19Z,43056.76,43057.80,43052.20,43053.70,0.119739,18
2025-01-01T00:05:20Z,43053.70,43055.83,43053.18,43054.27,0.574127,7
2025-01-01T00:05:21Z,43054.27,43058.31,43054.06,43056.65,0.210530,7
2025-01-01T00:05:22Z,43056.65,43057.20,43054.21,43054.69,0.338778,10
2025-01-01T00:05:23Z,43054.69,43056.76,43053.81,43056.31,0.366928,16
2025-01-01T00:05:24Z,43056.31,43056.96,43055.77,43056.61,0.410628,14
2025-01-01T00:05:25Z,43056.61,43057.12,43053.33,43053.67,0.214747,8
2025-01-01T00:05:26Z,43053.67,43054.85,43048.28,43048.72,0.467009,6
2025-01-01T00:05:27Z,43048.72,43050.08,43048.11,43048.82,0.186176,6
2025-01-01T00:05:28Z,43048.82,43053.73,43048.72,43052.63,0.541112,8
2025-01-01T00:05:29Z,43052.63,43052.74,43050.30,43050.56,0.236095,2
2025-01-01T00:05:30Z,43050.56,43051.62,43046.03,43046.86,0.364041,18
2025-01-01T00:05:31Z,43046.86,43047.57,43043.47,43043.50,0.554616,10
2025-01-01T00:05:32Z,43043.50,43051.01,43042.11,43049.85,0.210551,12
2025-01-01T00:05:33Z,43049.85,43051.06,43049.16,43050.60,0.306258,19
2025-01-01T00:05:34Z,43050.60,43051.42,43049.17,43050.90,0.420118,13
2025-01-01T00:05:35Z,43050.90,43056.95,43049.95,43056.30,0.209383,14
2025-01-01T00:05:36Z,43056.30,43057.98,43052.81,43054.48,0.538336,9
2025-01-01T00:05:37Z,43054.48,43054.56,43051.99,43052.12,0.389197,11
2025-01-01T00:05:38Z,43052.12,43054.78,43050.71,43054.53,0.247869,19
2025-01-01T00:05:39Z,43054.53,43056.28,43053.86,43054.84,0.611992,5
2025-01-01T00:05:40Z,43054.84,43056.38,43053.56,43056.25,0.317737,8
2025-01-01T00:05:41Z,43056.25,43057.69,43050.64,43051.23,0.248756,1
2025-01-01T00:05:42Z,43051.23,43052.00,43046.90,43047.30,0.395676,6
2025-01-01T00:05:43Z,43047.30,43048.47,43041.74,43042.88,0.144886,8
2025-01-01T00:05:44Z,43042.88,43043.14,43041.40,43042.63,0.571876,11
2025-01-01T00:05:45Z,43042.63,43043.25,43041.16,43041.32,0.729262,9
2025-01-01T00:05:46Z,43041.32,43043.32,43040.36,43042.58,0.372284,3
2025-01-01T00:05:47Z,43042.58,43044.15,43042.42,43043.54,0.416647,13
2025-01-01T00:05:48Z,43043.54,43048.51,43042.29,43047.17,0.232055,13
2025-01-01T00:05:49Z,43047.17,43047.81,43046.70,43047.52,0.291535,6
2025-01-01T00:05:50Z,43047.52,43048.35,43044.17,43044.30,0.277290,16
2025-01-01T00:05:51Z,43044.30,43046.84,43043.96,43045.81,0.226540,13
2025-01-01T00:05:52Z,43045.81,43047.20,43042.96,43043.53,0.170635,20
2025-01-01T00:05:53Z,43043.53,43048.01,43042.97,43047.77,0.648841,16
2025-01-01T00:05:54Z,43047.77,43054.30,43047.29,43053.74,0.541269,19
2025-01-01T00:05:55Z,43053.74,43054.08,43050.89,43052.61,0.112878,1
2025-01-01T00:05:56Z,43052.61,43057.58,43051.86,43056.36,0.205417,14
2025-01-01T00:05:57Z,43056.36,43057.52,43055.08,43055.32,0.293374,5
2025-01-01T00:05:58Z,43055.32,43055.45,43052.38,43054.09,0.357105,17
2025-01-01T00:05:59Z,43054.09,43055.68,43046.74,43048.23,0.342065,12
2025-01-01T00:06:00Z,43048.23,43049.26,43044.86,43046.43,0.235579,12
2025-01-01T00:06:01Z,43046.43,43046.72,43039.45,43040.50,0.428600,13
2025-01-01T00:06:02Z,43040.50,43044.98,43040.32,43043.60,0.236325,17
2025-01-01T00:06:03Z,43043.60,43044.56,43041.86,43043.04,0.250995,15
2025-01-01T00:06:04Z,43043.04,43044.63,43042.45,43043.77,0.235353,15
2025-01-01T00:06:05Z,43043.77,43045.12,43038.41,43039.30,0.318479,15
2025-01-01T00:06:06Z,43039.30,43040.70,43037.97,43038.16,0.861413,6
2025-01-01T00:06:07Z,43038.16,43042.49,43036.89,43040.89,0.379317,11
2025-01-01T00:06:08Z,43040.89,43041.29,43032.19,43032.89,0.173279,14
2025-01-01T00:06:09Z,43032.89,43033.57,43028.51,43029.78,0.668316,14
2025-01-01T00:06:10Z,43029.78,43030.14,43024.45,43025.75,0.246997,15
2025-01-01T00:06:11Z,43025.75,43029.48,43024.59,43029.28,0.282338,11
2025-01-01T00:06:12Z,43029.28,43030.29,43024.89,43025.49,0.798159,10
2025-01-01T00:06:13Z,43025.49,43027.07,43021.84,43022.86,0.456096,8
2025-01-01T00:06:14Z,43022.86,43024.05,43021.32,43022.19,0.339139,13
2025-01-01T00:06:15Z,43022.19,43025.06,43021.36,43024.33,0.546961,6
2025-01-01T00:06:16Z,43024.33,43024.57,43020.12,43020.66,0.351899,12
2025-01-01T00:06:17Z,43020.66,43022.30,43018.56,43019.39,0.240632,18
2025-01-01T00:06:18Z,43019.39,43020.57,43014.74,43015.45,0.650644,3
2025-01-01T00:06:19Z,43015.45,43016.42,43014.03,43015.40,0.264002,15
2025-01-01T00:06:20Z,43015.40,43016.25,43009.17,43010.05,0.400594,18
2025-01-01T00:06:21Z,43010.05,43011.47,43007.13,43007.76,0.556578,14
2025-01-01T00:06:22Z,43007.76,43014.32,43007.25,43013.03,0.181100,15
2025-01-01T00:06:23Z,43013.03,43018.48,43012.82,43017.00,0.516123,19
2025-01-01T00:06:24Z,43017.00,43018.05,43013.79,43014.53,0.584541,7
2025-01-01T00:06:25Z,43014.53,43015.91,43007.29,43008.27,0.394035,6
2025-01-01T00:06:26Z,43008.27,43008.76,43005.49,43005.95,0.436042,14
2025-01-01T00:06:27Z,43005.95,43012.42,43004.25,43010.84,0.527607,5
2025-01-01T00:06:28Z,43010.84,43012.36,43009.53,43010.93,0.494649,19
2025-01-01T00:06:29Z,43010.93,43017.53,43009.85,43016.44,0.327647,3
2025-01-01T00:06:30Z,43016.44,43017.64,43010.32,43011.83,0.340989,19
2025-01-01T00:06:31Z,43011.83,43015.20,43010.50,43015.20,0.772520,15
2025-01-01T00:06:32Z,43015.20,43016.66,43010.39,43011.76,0.638557,11
2025-01-01T00:06:33Z,43011.76,43013.18,43007.27,43007.85,0.429162,16
2025-01-01T00:06:34Z,43007.85,43010.99,43007.78,43009.68,0.713759,1
2025-01-01T00:06:35Z,43009.68,43009.89,43001.20,43002.68,0.443237,10
2025-01-01T00:06:36Z,43002.68,43007.56,43001.55,43007.09,0.261623,6
2025-01-01T00:06:37Z,43007.09,43013.98,43006.01,43013.89,0.812169,14
2025-01-01T00:06:38Z,43013.89,43013.89,43010.15,43010.97,0.244840,15
2025-01-01T00:06:39Z,43010.97,43010.99,43005.41,43006.61,0.340689,3
2025-01-01T00:06:40Z,43006.61,43008.27,43006.43,43006.89,0.312824,13
2025-01-01T00:06:41Z,43006.89,43009.78,43005.59,43008.45,0.191569,1
2025-01-01T00:06:42Z,43008.45,43009.05,43006.58,43006.95,0.439796,7
2025-01-01T00:06:43Z,43006.95,43007.10,43005.54,43005.71,0.623501,13
2025-01-01T00:06:44Z,43005.71,43007.07,43003.20,43003.63,0.433873,20
2025-01-01T00:06:45Z,43003.63,43007.67,43002.58,43006.64,0.796993,10
2025-01-01T00:06:46Z,43006.64,43008.35,43005.97,43008.02,0.656998,8
2025-01-01T00:06:47Z,43008.02,43013.48,43007.83,43012.63,0.367555,17
2025-01-01T00:06:48Z,43012.63,43013.74,43012.08,43013.12,0.201333,14
2025-01-01T00:06:49Z,43013.12,43013.75,43011.68,43012.86,0.222512,2
2025-01-01T00:06:50Z,43012.86,43021.04,43012.37,43020.36,0.805043,14
2025-01-01T00:06:51Z,43020.36,43021.56,43016.38,43016.52,0.399192,9
2025-01-01T00:06:52Z,43016.52,43019.40,43014.84,43017.81,0.237148,19
2025-01-01T00:06:53Z,43017.81,43019.69,43016.38,43018.60,0.434438,14
2025-01-01T00:06:54Z,43018.60,43018.70,43017.70,43017.85,0.331938,20
2025-01-01T00:06:55Z,43017.85,43017.94,43010.17,43011.32,0.433639,1
2025-01-01T00:06:56Z,43011.32,43011.60,43008.37,43010.01,0.402899,9
2025-01-01T00:06:57Z,43010.01,43010.29,43004.71,43004.93,0.511590,4
2025-01-01T00:06:58Z,43004.93,43006.51,43004.46,43005.12,0.395043,15
2025-01-01T00:06:59Z,43005.12,43006.00,43004.28,43004.38,0.532587,6
2025-01-01T00:07:00Z,43004.38,43005.40,43003.13,43004.41,0.228939,2
2025-01-01T00:07:01Z,43004.41,43007.57,43004.39,43006.10,0.199427,5
2025-01-01T00:07:02Z,43006.10,43010.02,43004.72,43009.96,0.627006,8
2025-01-01T00:07:03Z,43009.96,43018.48,43009.24,43017.93,0.476775,3
2025-01-01T00:07:04Z,43017.93,43019.09,43016.36,43016.45,0.225293,2
2025-01-01T00:07:05Z,43016.45,43018.09,43015.66,43015.78,0.352848,10
2025-01-01T00:07:06Z,43015.78,43015.79,43013.48,43013.83,0.397972,20
2025-01-01T00:07:07Z,43013.83,43018.19,43013.19,43017.77,0.890950,18
2025-01-01T00:07:08Z,43017.77,43018.04,43017.07,43018.03,0.259132,1
2025-01-01T00:07:09Z,43018.03,43019.67,43015.54,43015.54,0.899073,10
2025-01-01T00:07:10Z,43015.54,43019.39,43014.69,43018.98,0.449405,8
2025-01-01T00:07:11Z,43018.98,43023.18,43018.09,43021.64,0.484104,3
2025-01-01T00:07:12Z,43021.64,43022.73,43017.47,43018.15,0.400140,5
2025-01-01T00:07:13Z,43018.15,43018.56,43015.80,43016.25,0.165854,11
2025-01-01T00:07:14Z,43016.25,43016.38,43014.85,43015.20,0.655862,5
2025-01-01T00:07:15Z,43015.20,43017.96,43014.43,43017.78,0.306843,12
2025-01-01T00:07:16Z,43017.78,43020.69,43017.33,43020.16,0.249817,10
2025-01-01T00:07:17Z,43020.16,43021.58,43018.53,43019.73,0.312692,8
2025-01-01T00:07:18Z,43019.73,43023.28,43019.21,43023.20,0.512910,13
2025-01-01T00:07:19Z,43023.20,43024.67,43021.65,43022.60,0.385772,4
2025-01-01T00:07:20Z,43022.60,43023.34,43021.17,43023.32,0.572503,3
2025-01-01T00:07:21Z,43023.32,43024.32,43021.18,43021.62,0.347950,11
2025-01-01T00:07:22Z,43021.62,43027.70,43020.03,43027.61,0.298775,16
2025-01-01T00:07:23Z,43027.61,43033.47,43026.43,43033.42,0.257331,6
2025-01-01T00:07:24Z,43033.42,43033.67,43031.86,43032.92,0.488933,16
2025-01-01T00:07:25Z,43032.92,43037.41,43031.97,43036.70,0.218087,5
2025-01-01T00:07:26Z,43036.70,43038.07,43032.04,43032.47,0.188734,12
2025-01-01T00:07:27Z,43032.47,43035.78,43031.12,43034.95,0.270359,11
2025-01-01T00:07:28Z,43034.95,43035.50,43033.01,43033.38,0.409949,8
2025-01-01T00:07:29Z,43033.38,43036.55,43033.21,43034.87,0.441952,2
2025-01-01T00:07:30Z,43034.87,43036.68,43033.18,43035.69,0.083986,6
2025-01-01T00:07:31Z,43035.69,43036.00,43026.43,43027.45,0.876909,19
2025-01-01T00:07:32Z,43027.45,43034.42,43026.48,43032.79,0.393248,16
2025-01-01T00:07:33Z,43032.79,43034.76,43032.49,43033.82,0.402112,16
2025-01-01T00:07:34Z,43033.82,43041.95,43033.60,43041.61,0.569265,1
2025-01-01T00:07:35Z,43041.61,43041.98,43040.39,43041.73,0.381179,3
2025-01-01T00:07:36Z,43041.73,43042.41,43035.88,43036.05,0.302127,6
2025-01-01T00:07:37Z,43036.05,43043.26,43035.30,43042.00,0.464382,11
2025-01-01T00:07:38Z,43042.00,43047.44,43040.40,43046.24,0.505059,19
2025-01-01T00:07:39Z,43046.24,43055.79,43045.59,43054.39,0.488949,6
2025-01-01T00:07:40Z,43054.39,43056.02,43052.68,43053.36,0.212024,16
2025-01-01T00:07:41Z,43053.36,43053.60,43043.84,43045.12,1.054089,15
2025-01-01T00:07:42Z,43045.12,43048.76,43044.52,43047.57,0.887426,2
2025-01-01T00:07:43Z,43047.57,43048.48,43046.30,43047.82,0.364382,18
2025-01-01T00:07:44Z,43047.82,43049.18,43042.33,43043.32,0.489700,15
2025-01-01T00:07:45Z,43043.32,43048.10,43041.87,43047.97,0.284160,4
2025-01-01T00:07:46Z,43047.97,43050.58,43046.71,43049.94,0.546684,3
2025-01-01T00:07:47Z,43049.94,43051.55,43048.24,43050.97,0.310343,20
2025-01-01T00:07:48Z,43050.97,43052.78,43050.61,43052.60,0.152866,18
2025-01-01T00:07:49Z,43052.60,43053.06,43050.92,43051.40,0.540322,5
2025-01-01T00:07:50Z,43051.40,43051.93,43049.99,43051.77,0.452247,4
2025-01-01T00:07:51Z,43051.77,43052.01,43051.48,43051.96,0.302851,4
2025-01-01T00:07:52Z,43051.96,43052.80,43049.67,43050.80,0.170451,6
2025-01-01T00:07:53Z,43050.80,43054.77,43050.15,43054.13,0.342950,9
2025-01-01T00:07:54Z,43054.13,43055.33,43052.23,43052.40,0.780266,14
2025-01-01T00:07:55Z,43052.40,43054.07,43050.70,43051.71,0.491055,17
2025-01-01T00:07:56Z,43051.71,43053.20,43047.26,43048.08,0.687332,3
2025-01-01T00:07:57Z,43048.08,43050.93,43046.61,43050.25,0.380474,20
2025-01-01T00:07:58Z,43050.25,43056.16,43048.62,43055.39,0.256084,7
2025-01-01T00:07:59Z,43055.39,43062.42,43054.66,43062.20,0.772446,5
2025-01-01T00:08:00Z,43062.20,43065.20,43060.62,43063.63,0.200495,13
2025-01-01T00:08:01Z,43063.63,43064.58,43059.94,43061.42,0.451069,1
2025-01-01T00:08:02Z,43061.42,43063.50,43060.69,43062.60,0.337511,19
2025-01-01T00:08:03Z,43062.60,43063.60,43056.34,43058.00,1.126542,18
2025-01-01T00:08:04Z,43058.00,43063.69,43056.87,43063.24,0.413639,6
2025-01-01T00:08:05Z,43063.24,43063.71,43058.24,43058.49,0.498695,2
2025-01-01T00:08:06Z,43058.49,43059.68,43052.88,43052.96,0.357342,12
2025-01-01T00:08:07Z,43052.96,43057.39,43051.56,43057.36,0.290910,16
2025-01-01T00:08:08Z,43057.36,43062.41,43056.97,43060.74,0.188662,11
2025-01-01T00:08:09Z,43060.74,43061.20,43056.04,43056.75,0.429019,7
2025-01-01T00:08:10Z,43056.75,43060.69,43055.86,43059.85,0.328048,6
2025-01-01T00:08:11Z,43059.85,43059.97,43056.89,43058.12,0.252188,17
2025-01-01T00:08:12Z,43058.12,43059.14,43056.68,43058.81,0.540713,15
2025-01-01T00:08:13Z,43058.81,43058.90,43057.70,43058.32,0.244485,15
2025-01-01T00:08:14Z,43058.32,43058.53,43053.46,43053.52,0.280980,6
2025-01-01T00:08:15Z,43053.52,43055.17,43052.63,43053.44,0.393430,9
2025-01-01T00:08:16Z,43053.44,43053.99,43052.78,43053.50,0.187124,7
2025-01-01T00:08:17Z,43053.50,43054.97,43047.20,43048.32,0.453180,14
2025-01-01T00:08:18Z,43048.32,43049.98,43040.37,43041.54,0.358579,6
2025-01-01T00:08:19Z,43041.54,43042.58,43041.04,43041.05,0.123729,10
2025-01-01T00:08:20Z,43041.05,43041.53,43038.34,43039.88,0.642392,7
2025-01-01T00:08:21Z,43039.88,43040.69,43033.54,43034.70,0.583592,4
2025-01-01T00:08:22Z,43034.70,43049.75,43033.26,43048.08,0.418855,10
2025-01-01T00:08:23Z,43048.08,43049.30,43047.90,43048.78,0.878697,9
2025-01-01T00:08:24Z,43048.78,43049.90,43043.82,43044.15,0.375133,2
2025-01-01T00:08:25Z,43044.15,43045.53,43035.79,43037.17,0.473673,5
2025-01-01T00:08:26Z,43037.17,43038.89,43035.91,43036.36,0.328182,2
2025-01-01T00:08:27Z,43036.36,43037.36,43029.79,43031.50,0.555818,8
2025-01-01T00:08:28Z,43031.50,43032.32,43028.05,43029.67,0.309300,6
2025-01-01T00:08:29Z,43029.67,43031.12,43023.73,43025.24,0.271690,5
2025-01-01T00:08:30Z,43025.24,43026.20,43023.44,43025.01,0.436190,8
2025-01-01T00:08:31Z,43025.01,43026.29,43019.04,43019.57,0.532354,9
2025-01-01T00:08:32Z,43019.57,43019.77,43016.26,43016.35,0.484171,20
2025-01-01T00:08:33Z,43016.35,43016.48,43012.94,43014.47,0.369018,13
2025-01-01T00:08:34Z,43014.47,43015.97,43010.81,43011.07,0.699405,19
2025-01-01T00:08:35Z,43011.07,43012.60,43008.79,43010.49,0.310397,15
2025-01-01T00:08:36Z,43010.49,43010.78,43008.40,43009.72,0.354228,3
2025-01-01T00:08:37Z,43009.72,43015.79,43008.97,43015.56,0.330864,16
2025-01-01T00:08:38Z,43015.56,43015.91,43014.30,43014.94,0.198900,17
2025-01-01T00:08:39Z,43014.94,43015.99,43013.77,43015.66,0.425140,12
2025-01-01T00:08:40Z,43015.66,43016.53,43014.61,43015.14,0.746044,17
2025-01-01T00:08:41Z,43015.14,43017.73,43014.56,43016.70,0.093676,12
2025-01-01T00:08:42Z,43016.70,43018.35,43015.31,43016.79,0.160760,4
2025-01-01T00:08:43Z,43016.79,43017.42,43013.69,43014.81,0.234517,2
2025-01-01T00:08:44Z,43014.81,43015.00,43012.56,43014.00,0.348366,9
2025-01-01T00:08:45Z,43014.00,43014.81,43013.22,43013.48,0.578620,10
2025-01-01T00:08:46Z,43013.48,43014.38,43011.10,43012.17,0.494729,4
2025-01-01T00:08:47Z,43012.17,43013.89,43011.11,43013.01,0.154750,16
2025-01-01T00:08:48Z,43013.01,43014.28,43012.11,43013.83,0.155227,10
2025-01-01T00:08:49Z,43013.83,43016.36,43012.88,43016.09,0.359994,1
2025-01-01T00:08:50Z,43016.09,43017.53,43011.48,43012.63,0.381487,4
2025-01-01T00:08:51Z,43012.63,43014.19,43005.00,43006.11,0.071820,9
2025-01-01T00:08:52Z,43006.11,43006.41,43004.58,43004.65,0.148756,11
2025-01-01T00:08:53Z,43004.65,43005.82,43004.45,43005.09,0.444002,15
2025-01-01T00:08:54Z,43005.09,43009.05,43004.45,43007.78,0.315930,13
2025-01-01T00:08:55Z,43007.78,43009.44,43006.64,43007.11,0.190812,14
2025-01-01T00:08:56Z,43007.11,43007.31,43002.35,43003.55,0.223064,19
2025-01-01T00:08:57Z,43003.55,43004.38,42997.71,42998.69,0.320951,12
2025-01-01T00:08:58Z,42998.69,43000.20,42992.28,42993.53,0.704745,16
2025-01-01T00:08:59Z,42993.53,42993.72,42988.49,42989.20,0.217093,11
2025-01-01T00:09:00Z,42989.20,42997.09,42987.92,42996.19,0.471115,11
2025-01-01T00:09:01Z,42996.19,42997.70,42995.01,42996.81,0.439915,8
2025-01-01T00:09:02Z,42996.81,42997.91,42991.59,42991.85,0.405755,6
2025-01-01T00:09:03Z,42991.85,42993.38,42991.04,42992.51,0.366308,16
2025-01-01T00:09:04Z,42992.51,42992.99,42990.40,42991.27,0.394438,8
2025-01-01T00:09:05Z,42991.27,42994.27,42990.50,42994.14,0.394038,16
2025-01-01T00:09:06Z,42994.14,42994.99,42991.46,42992.58,0.205977,18
2025-01-01T00:09:07Z,42992.58,42994.18,42991.16,42993.23,1.076359,18
2025-01-01T00:09:08Z,42993.23,42996.32,42992.61,42994.69,0.224922,15
2025-01-01T00:09:09Z,42994.69,43000.29,42993.37,42999.72,0.497870,12
2025-01-01T00:09:10Z,42999.72,43001.02,42999.06,42999.44,0.165313,10
2025-01-01T00:09:11Z,42999.44,43000.38,42997.23,42997.87,0.354700,14
2025-01-01T00:09:12Z,42997.87,43001.97,42996.27,43001.65,0.310614,7
2025-01-01T00:09:13Z,43001.65,43005.91,43001.47,43004.68,0.135352,19
2025-01-01T00:09:14Z,43004.68,43010.73,43003.66,43009.95,0.406412,1
2025-01-01T00:09:15Z,43009.95,43016.02,43009.86,43015.10,0.357087,6
2025-01-01T00:09:16Z,43015.10,43016.51,43014.25,43014.43,0.518443,11
2025-01-01T00:09:17Z,43014.43,43015.29,43011.86,43012.52,0.501486,11
2025-01-01T00:09:18Z,43012.52,43016.55,43011.81,43016.32,0.727580,10
2025-01-01T00:09:19Z,43016.32,43017.77,43014.76,43015.71,0.200588,18
2025-01-01T00:09:20Z,43015.71,43016.78,43013.74,43014.24,0.245357,6
2025-01-01T00:09:21Z,43014.24,43015.11,43011.42,43012.62,0.309675,12
2025-01-01T00:09:22Z,43012.62,43014.24,43007.27,43008.49,1.504134,18
2025-01-01T00:09:23Z,43008.49,43008.98,43005.38,43006.84,0.640244,1
2025-01-01T00:09:24Z,43006.84,43006.94,43005.63,43006.09,0.442326,2
2025-01-01T00:09:25Z,43006.09,43008.13,43005.58,43006.94,0.496643,18
2025-01-01T00:09:26Z,43006.94,43011.73,43006.53,43010.77,1.236396,10
2025-01-01T00:09:27Z,43010.77,43011.96,43006.51,43006.60,0.309098,11
2025-01-01T00:09:28Z,43006.60,43009.07,43006.25,43007.79,0.345397,12
2025-01-01T00:09:29Z,43007.79,43009.09,43006.69,43007.63,0.546708,7
2025-01-01T00:09:30Z,43007.63,43008.81,43006.80,43007.12,0.206893,13
2025-01-01T00:09:31Z,43007.12,43009.34,43006.64,43009.27,0.289091,9
2025-01-01T00:09:32Z,43009.27,43014.82,43009.21,43013.21,0.915799,20
2025-01-01T00:09:33Z,43013.21,43014.88,43012.69,43013.43,0.639418,3
2025-01-01T00:09:34Z,43013.43,43014.52,43013.11,43014.15,0.174035,14
2025-01-01T00:09:35Z,43014.15,43015.08,43010.59,43011.29,0.121501,11
2025-01-01T00:09:36Z,43011.29,43012.92,43008.90,43009.97,0.350230,1
2025-01-01T00:09:37Z,43009.97,43012.75,43009.37,43012.55,0.197388,20
2025-01-01T00:09:38Z,43012.55,43014.20,43011.90,43012.67,0.489958,9
2025-01-01T00:09:39Z,43012.67,43014.66,43012.19,43013.73,0.213537,15
2025-01-01T00:09:40Z,43013.73,43014.85,43010.39,43010.94,0.397066,7
2025-01-01T00:09:41Z,43010.94,43012.41,43009.61,43011.26,0.633606,4
2025-01-01T00:09:42Z,43011.26,43014.63,43009.98,43013.12,0.271675,3
2025-01-01T00:09:43Z,43013.12,43020.70,43012.85,43019.41,0.349121,3
2025-01-01T00:09:44Z,43019.41,43021.86,43019.29,43021.42,0.318431,13
2025-01-01T00:09:45Z,43021.42,43023.21,43021.40,43022.46,0.506395,20
2025-01-01T00:09:46Z,43022.46,43027.87,43021.00,43027.80,0.287793,10
2025-01-01T00:09:47Z,43027.80,43031.43,43027.28,43030.08,0.336762,1
2025-01-01T00:09:48Z,43030.08,43030.32,43025.29,43025.97,0.645139,5
2025-01-01T00:09:49Z,43025.97,43027.25,43024.44,43026.74,0.407768,18
2025-01-01T00:09:50Z,43026.74,43030.88,43025.18,43029.59,0.292866,17
2025-01-01T00:09:51Z,43029.59,43029.83,43028.39,43028.71,0.420702,4
2025-01-01T00:09:52Z,43028.71,43032.84,43027.24,43031.37,0.341715,10
2025-01-01T00:09:53Z,43031.37,43038.21,43030.94,43037.06,0.198128,11
2025-01-01T00:09:54Z,43037.06,43037.46,43033.44,43033.93,0.232810,16
2025-01-01T00:09:55Z,43033.93,43038.80,43032.87,43038.03,0.246388,19
2025-01-01T00:09:56Z,43038.03,43039.68,43032.11,43032.40,0.174210,14
2025-01-01T00:09:57Z,43032.40,43032.87,43029.31,43029.93,0.463219,16
2025-01-01T00:09:58Z,43029.93,43030.45,43025.90,43026.85,0.181410,9
2025-01-01T00:09:59Z,43026.85,43029.16,43026.61,43027.68,0.384797,3
2025-01-01T00:10:00Z,43027.68,43029.14,43025.64,43026.73,0.695476,19
2025-01-01T00:10:01Z,43026.73,43027.10,43019.55,43019.62,0.405894,5
2025-01-01T00:10:02Z,43019.62,43020.95,43016.81,43018.07,0.263184,17
2025-01-01T00:10:03Z,43018.07,43020.13,43017.44,43019.97,0.705127,5
2025-01-01T00:10:04Z,43019.97,43021.60,43016.88,43018.01,0.359850,8
2025-01-01T00:10:05Z,43018.01,43020.11,43017.61,43018.80,0.282556,7
2025-01-01T00:10:06Z,43018.80,43019.47,43011.25,43012.83,0.424036,17
2025-01-01T00:10:07Z,43012.83,43013.92,43011.75,43012.22,0.601966,19
2025-01-01T00:10:08Z,43012.22,43015.23,43011.10,43014.61,0.667208,13
2025-01-01T00:10:09Z,43014.61,43020.81,43014.22,43019.13,0.236475,12
2025-01-01T00:10:10Z,43019.13,43020.17,43014.41,43015.27,0.253817,3
2025-01-01T00:10:11Z,43015.27,43016.56,43014.79,43015.68,0.257680,20
2025-01-01T00:10:12Z,43015.68,43016.07,43014.01,43015.40,0.529609,16
2025-01-01T00:10:13Z,43015.40,43016.23,43012.77,43013.79,0.455854,8
2025-01-01T00:10:14Z,43013.79,43018.47,43012.70,43018.19,0.220127,6
2025-01-01T00:10:15Z,43018.19,43020.36,43017.49,43019.47,0.198331,16
2025-01-01T00:10:16Z,43019.47,43022.39,43018.44,43020.96,0.165014,9
2025-01-01T00:10:17Z,43020.96,43021.25,43018.30,43019.48,0.902952,3
2025-01-01T00:10:18Z,43019.48,43020.17,43019.13,43019.98,0.685447,14
2025-01-01T00:10:19Z,43019.98,43024.85,43018.94,43023.43,0.741082,18
2025-01-01T00:10:20Z,43023.43,43024.26,43021.56,43021.78,0.615449,14
2025-01-01T00:10:21Z,43021.78,43022.72,43021.15,43021.82,0.159947,8
2025-01-01T00:10:22Z,43021.82,43026.88,43021.22,43025.56,0.727850,14
2025-01-01T00:10:23Z,43025.56,43025.79,43023.32,43024.14,0.333997,1
2025-01-01T00:10:24Z,43024.14,43024.15,43021.57,43022.70,0.465536,12
2025-01-01T00:10:25Z,43022.70,43022.88,43021.23,43021.96,0.406216,18
2025-01-01T00:10:26Z,43021.96,43022.43,43017.95,43019.12,0.534046,18
2025-01-01T00:10:27Z,43019.12,43021.54,43018.49,43020.71,0.391848,10
2025-01-01T00:10:28Z,43020.71,43021.40,43015.31,43015.54,0.524279,8
2025-01-01T00:10:29Z,43015.54,43016.31,43011.63,43012.84,0.254285,13
2025-01-01T00:10:30Z,43012.84,43015.36,43011.66,43014.30,0.196132,1
2025-01-01T00:10:31Z,43014.30,43015.68,43006.93,43008.35,0.346182,3
2025-01-01T00:10:32Z,43008.35,43010.80,43008.29,43010.67,0.451168,20
2025-01-01T00:10:33Z,43010.67,43011.79,43009.34,43011.70,0.212062,1
2025-01-01T00:10:34Z,43011.70,43014.66,43011.20,43013.27,0.374432,6
2025-01-01T00:10:35Z,43013.27,43019.31,43012.65,43018.15,0.225497,13
2025-01-01T00:10:36Z,43018.15,43019.16,43015.25,43016.14,0.457581,3
2025-01-01T00:10:37Z,43016.14,43019.91,43014.89,43018.96,0.415437,12
2025-01-01T00:10:38Z,43018.96,43022.78,43018.63,43021.73,0.875542,9
2025-01-01T00:10:39Z,43021.73,43022.03,43020.30,43021.17,0.407068,11
2025-01-01T00:10:40Z,43021.17,43028.76,43019.67,43027.11,0.692019,15
2025-01-01T00:10:41Z,43027.11,43028.77,43024.19,43025.15,0.955820,15
2025-01-01T00:10:42Z,43025.15,43026.64,43021.34,43022.17,0.262762,8
2025-01-01T00:10:43Z,43022.17,43023.34,43015.19,43015.58,0.373176,9
2025-01-01T00:10:44Z,43015.58,43016.83,43014.17,43015.67,0.356612,19
2025-01-01T00:10:45Z,43015.67,43017.73,43014.04,43017.26,0.367485,8
2025-01-01T00:10:46Z,43017.26,43019.32,43016.83,43018.97,0.415003,4
2025-01-01T00:10:47Z,43018.97,43019.17,43017.22,43017.36,0.795009,1
2025-01-01T00:10:48Z,43017.36,43017.89,43016.53,43017.81,0.451078,19
2025-01-01T00:10:49Z,43017.81,43019.31,43012.76,43013.61,0.288722,19
2025-01-01T00:10:50Z,43013.61,43017.32,43011.99,43016.59,0.199033,6
2025-01-01T00:10:51Z,43016.59,43020.48,43016.38,43019.69,0.376370,1
2025-01-01T00:10:52Z,43019.69,43023.12,43019.13,43022.12,0.419234,18
2025-01-01T00:10:53Z,43022.12,43022.82,43021.66,43022.37,0.669469,6
2025-01-01T00:10:54Z,43022.37,43023.58,43019.43,43020.07,0.560966,6
2025-01-01T00:10:55Z,43020.07,43021.15,43018.39,43020.16,0.868228,9
2025-01-01T00:10:56Z,43020.16,43023.17,43019.83,43021.69,0.984453,16
2025-01-01T00:10:57Z,43021.69,43023.08,43017.33,43017.63,0.340368,17
2025-01-01T00:10:58Z,43017.63,43018.47,43014.34,43014.77,0.243865,7
2025-01-01T00:10:59Z,43014.77,43016.17,43013.39,43014.21,0.450443,11
2025-01-01T00:11:00Z,43014.21,43015.17,43012.68,43014.08,0.293091,12
2025-01-01T00:11:01Z,43014.08,43018.89,43012.42,43017.39,0.200115,18
2025-01-01T00:11:02Z,43017.39,43020.81,43016.24,43020.20,0.353202,3
2025-01-01T00:11:03Z,43020.20,43026.25,43019.71,43025.60,0.419838,6
2025-01-01T00:11:04Z,43025.60,43026.32,43019.60,43020.65,0.152743,3
2025-01-01T00:11:05Z,43020.65,43020.93,43014.22,43014.61,0.294742,9
2025-01-01T00:11:06Z,43014.61,43016.14,43010.61,43011.95,0.380096,6
2025-01-01T00:11:07Z,43011.95,43012.27,43009.86,43009.90,0.655781,3
2025-01-01T00:11:08Z,43009.90,43010.98,43008.29,43010.82,0.359045,13
2025-01-01T00:11:09Z,43010.82,43015.14,43009.10,43014.24,0.151132,3
2025-01-01T00:11:10Z,43014.24,43014.77,43009.85,43010.28,0.224108,5
2025-01-01T00:11:11Z,43010.28,43011.18,43004.13,43004.42,0.197908,11
2025-01-01T00:11:12Z,43004.42,43008.53,43002.81,43007.03,0.386025,18
2025-01-01T00:11:13Z,43007.03,43007.33,43003.16,43004.19,0.500918,19
2025-01-01T00:11:14Z,43004.19,43005.11,42998.18,42999.74,0.360464,3
2025-01-01T00:11:15Z,42999.74,43002.52,42999.12,43001.76,0.273669,1
2025-01-01T00:11:16Z,43001.76,43002.00,42995.60,42996.10,0.405118,16
2025-01-01T00:11:17Z,42996.10,42997.72,42994.50,42995.32,0.175653,10
2025-01-01T00:11:18Z,42995.32,42996.26,42990.02,42990.35,0.658597,8
2025-01-01T00:11:19Z,42990.35,42990.63,42985.63,42986.90,0.315952,9
2025-01-01T00:11:20Z,42986.90,42992.09,42985.52,42991.20,0.505243,9
2025-01-01T00:11:21Z,42991.20,42994.06,42989.92,42993.57,0.577630,3
2025-01-01T00:11:22Z,42993.57,42995.90,42992.50,42994.80,0.219126,7
2025-01-01T00:11:23Z,42994.80,42998.01,42994.54,42997.46,0.646854,5
2025-01-01T00:11:24Z,42997.46,42997.86,42996.07,42996.32,0.364814,10
2025-01-01T00:11:25Z,42996.32,42997.68,42990.12,42990.98,0.255640,2
2025-01-01T00:11:26Z,42990.98,42992.61,42987.75,42987.84,0.474554,16
2025-01-01T00:11:27Z,42987.84,42994.02,42986.30,42993.71,0.260112,1
2025-01-01T00:11:28Z,42993.71,42998.44,42992.38,42998.01,0.305297,2
2025-01-01T00:11:29Z,42998.01,43002.50,42996.74,43002.15,0.129665,7
2025-01-01T00:11:30Z,43002.15,43002.69,42996.53,42997.09,0.412992,18
2025-01-01T00:11:31Z,42997.09,42998.93,42996.65,42998.04,0.426683,2
2025-01-01T00:11:32Z,42998.04,42999.87,42996.95,42999.68,0.307039,9
2025-01-01T00:11:33Z,42999.68,43000.69,42997.24,42997.92,0.460650,20
2025-01-01T00:11:34Z,42997.92,43001.73,42997.06,43001.30,0.468174,2
2025-01-01T00:11:35Z,43001.30,43006.35,43000.20,43006.25,0.842084,5
2025-01-01T00:11:36Z,43006.25,43007.21,43002.21,43003.32,0.109662,7
2025-01-01T00:11:37Z,43003.32,43003.65,43002.67,43003.61,0.475628,2
2025-01-01T00:11:38Z,43003.61,43004.12,42998.80,43000.00,0.265231,12
2025-01-01T00:11:39Z,43000.00,43000.96,42999.19,43000.40,0.807207,18
2025-01-01T00:11:40Z,43000.40,43003.50,42998.99,43002.73,0.392732,17
2025-01-01T00:11:41Z,43002.73,43007.02,43002.41,43006.37,0.502091,3
2025-01-01T00:11:42Z,43006.37,43007.03,43003.20,43004.10,0.366159,20
2025-01-01T00:11:43Z,43004.10,43004.58,42999.86,43000.57,0.310702,3
2025-01-01T00:11:44Z,43000.57,43008.74,43000.52,43008.43,0.242453,2
2025-01-01T00:11:45Z,43008.43,43011.68,43007.00,43010.70,0.489521,19
2025-01-01T00:11:46Z,43010.70,43011.74,43010.51,43010.64,0.586471,16
2025-01-01T00:11:47Z,43010.64,43015.58,43009.20,43013.98,0.340999,12
2025-01-01T00:11:48Z,43013.98,43014.70,43005.82,43006.46,1.013874,9
2025-01-01T00:11:49Z,43006.46,43007.37,43002.36,43003.62,0.221542,4
2025-01-01T00:11:50Z,43003.62,43003.95,43002.12,43003.02,0.206972,6
2025-01-01T00:11:51Z,43003.02,43003.98,42997.94,42998.90,0.907777,19
2025-01-01T00:11:52Z,42998.90,43000.04,42995.05,42996.57,0.259576,13
2025-01-01T00:11:53Z,42996.57,43000.46,42995.44,42999.59,0.395613,12
2025-01-01T00:11:54Z,42999.59,43004.92,42998.14,43003.21,0.299689,11
2025-01-01T00:11:55Z,43003.21,43004.26,42999.80,43000.77,0.129078,9
2025-01-01T00:11:56Z,43000.77,43002.42,42998.42,42998.42,0.210589,1
2025-01-01T00:11:57Z,42998.42,43002.28,42996.71,43001.39,0.288536,8
2025-01-01T00:11:58Z,43001.39,43003.43,42999.77,43002.10,0.376258,19
2025-01-01T00:11:59Z,43002.10,43005.35,43002.04,43005.08,0.318637,12
2025-01-01T00:12:00Z,43005.08,43007.59,43004.56,43007.14,0.423290,7
2025-01-01T00:12:01Z,43007.14,43008.41,43004.29,43005.53,0.498458,19
2025-01-01T00:12:02Z,43005.53,43007.35,43005.47,43006.24,0.564200,2
2025-01-01T00:12:03Z,43006.24,43007.83,43004.33,43004.91,0.654345,4
2025-01-01T00:12:04Z,43004.91,43007.77,43003.87,43006.65,0.318228,2
2025-01-01T00:12:05Z,43006.65,43007.20,43003.93,43004.91,0.225042,5
2025-01-01T00:12:06Z,43004.91,43010.94,43004.14,43010.26,0.433771,8
2025-01-01T00:12:07Z,43010.26,43012.81,43008.91,43012.06,0.233443,16
2025-01-01T00:12:08Z,43012.06,43012.75,43010.99,43011.13,0.370432,5
2025-01-01T00:12:09Z,43011.13,43012.44,43009.89,43010.71,0.239729,19
2025-01-01T00:12:10Z,43010.71,43013.62,43010.29,43012.35,0.332659,11
2025-01-01T00:12:11Z,43012.35,43017.49,43011.22,43016.90,0.486000,12
2025-01-01T00:12:12Z,43016.90,43017.66,43008.91,43009.16,0.243806,3
2025-01-01T00:12:13Z,43009.16,43009.35,43002.14,43002.24,0.200627,1
2025-01-01T00:12:14Z,43002.24,43002.60,42998.57,42999.51,0.592114,20
2025-01-01T00:12:15Z,42999.51,43005.74,42999.27,43004.49,0.454573,2
2025-01-01T00:12:16Z,43004.49,43004.84,43003.29,43004.50,0.254953,1
2025-01-01T00:12:17Z,43004.50,43005.88,43003.36,43005.76,0.321615,10
2025-01-01T00:12:18Z,43005.76,43009.57,43005.11,43009.17,0.112123,18
2025-01-01T00:12:19Z,43009.17,43009.32,43005.19,43005.54,0.444766,17
2025-01-01T00:12:20Z,43005.54,43006.82,43004.21,43004.24,0.470130,10
2025-01-01T00:12:21Z,43004.24,43008.46,43002.56,43008.05,0.369985,9
2025-01-01T00:12:22Z,43008.05,43014.74,43008.00,43013.34,0.392770,5
2025-01-01T00:12:23Z,43013.34,43013.92,43007.72,43008.39,0.388753,8
2025-01-01T00:12:24Z,43008.39,43009.13,43004.01,43004.55,0.433477,5
2025-01-01T00:12:25Z,43004.55,43007.18,43004.31,43006.83,0.439311,5
2025-01-01T00:12:26Z,43006.83,43007.73,43004.70,43004.93,0.621402,18
2025-01-01T00:12:27Z,43004.93,43010.91,43003.70,43010.00,0.649115,9
2025-01-01T00:12:28Z,43010.00,43011.56,43009.95,43011.33,0.464721,20
2025-01-01T00:12:29Z,43011.33,43013.60,43010.15,43013.20,0.249799,16
2025-01-01T00:12:30Z,43013.20,43018.49,43012.08,43017.68,0.236327,16
2025-01-01T00:12:31Z,43017.68,43022.94,43017.35,43022.70,0.275405,7
2025-01-01T00:12:32Z,43022.70,43024.41,43021.00,43022.81,0.682087,11
2025-01-01T00:12:33Z,43022.81,43024.31,43020.07,43021.59,0.278684,20
2025-01-01T00:12:34Z,43021.59,43022.13,43020.28,43021.33,0.613866,17
2025-01-01T00:12:35Z,43021.33,43022.44,43016.82,43018.03,0.271865,8
2025-01-01T00:12:36Z,43018.03,43019.30,43013.69,43014.65,0.381918,2
2025-01-01T00:12:37Z,43014.65,43014.98,43013.54,43014.30,0.295137,10
2025-01-01T00:12:38Z,43014.30,43015.19,43013.23,43013.47,0.616366,17
2025-01-01T00:12:39Z,43013.47,43013.67,43011.43,43012.77,0.215796,15
2025-01-01T00:12:40Z,43012.77,43018.10,43011.23,43016.56,0.239452,6
2025-01-01T00:12:41Z,43016.56,43018.43,43016.34,43017.20,0.201679,12
2025-01-01T00:12:42Z,43017.20,43023.13,43015.52,43021.88,0.412479,18
2025-01-01T00:12:43Z,43021.88,43025.34,43020.56,43024.69,0.830132,5
2025-01-01T00:12:44Z,43024.69,43027.07,43024.60,43025.74,0.199861,15
2025-01-01T00:12:45Z,43025.74,43027.93,43025.43,43027.43,0.365661,20
2025-01-01T00:12:46Z,43027.43,43030.37,43026.61,43029.36,0.338336,20
2025-01-01T00:12:47Z,43029.36,43029.37,43026.18,43027.70,0.220357,7
2025-01-01T00:12:48Z,43027.70,43030.73,43027.63,43029.60,0.915219,20
2025-01-01T00:12:49Z,43029.60,43030.75,43028.02,43030.24,0.189483,6
2025-01-01T00:12:50Z,43030.24,43032.91,43029.04,43031.78,0.423845,15
2025-01-01T00:12:51Z,43031.78,43035.50,43031.16,43034.21,0.083481,3
2025-01-01T00:12:52Z,43034.21,43034.72,43033.40,43034.61,0.286535,7
2025-01-01T00:12:53Z,43034.61,43035.81,43026.99,43028.04,0.351689,10
2025-01-01T00:12:54Z,43028.04,43028.49,43021.11,43022.10,1.568681,20
2025-01-01T00:12:55Z,43022.10,43026.06,43021.20,43025.10,0.459721,6
2025-01-01T00:12:56Z,43025.10,43027.51,43024.76,43027.01,0.199489,4
2025-01-01T00:12:57Z,43027.01,43028.28,43025.02,43025.38,0.435598,2
2025-01-01T00:12:58Z,43025.38,43026.48,43023.19,43023.21,0.257485,3
2025-01-01T00:12:59Z,43023.21,43027.60,43022.33,43027.07,0.468612,19
2025-01-01T00:13:00Z,43027.07,43027.37,43025.92,43026.49,0.240646,16
2025-01-01T00:13:01Z,43026.49,43027.86,43024.86,43025.97,0.352545,18
2025-01-01T00:13:02Z,43025.97,43030.46,43024.38,43029.06,0.166099,19
2025-01-01T00:13:03Z,43029.06,43030.31,43026.23,43026.77,0.382464,11
2025-01-01T00:13:04Z,43026.77,43029.63,43025.10,43029.02,0.729492,13
2025-01-01T00:13:05Z,43029.02,43029.34,43022.01,43022.21,0.522108,11
2025-01-01T00:13:06Z,43022.21,43022.36,43020.06,43021.57,0.192842,10
2025-01-01T00:13:07Z,43021.57,43021.94,43018.44,43018.96,0.350126,16
2025-01-01T00:13:08Z,43018.96,43021.23,43018.12,43020.65,0.585684,11
2025-01-01T00:13:09Z,43020.65,43020.89,43018.07,43019.57,0.438138,2
2025-01-01T00:13:10Z,43019.57,43020.47,43014.34,43014.34,0.401957,15
2025-01-01T00:13:11Z,43014.34,43017.29,43014.17,43015.76,0.902419,1
2025-01-01T00:13:12Z,43015.76,43017.29,43012.62,43013.17,0.255486,11
2025-01-01T00:13:13Z,43013.17,43014.50,43010.66,43011.82,0.291865,4
2025-01-01T00:13:14Z,43011.82,43017.53,43011.46,43016.64,0.304711,5
2025-01-01T00:13:15Z,43016.64,43018.77,43015.26,43017.14,0.397198,10
2025-01-01T00:13:16Z,43017.14,43017.91,43014.59,43014.81,0.340495,4
2025-01-01T00:13:17Z,43014.81,43015.47,43012.66,43012.81,0.268762,19
2025-01-01T00:13:18Z,43012.81,43013.58,43008.62,43009.23,0.307476,18
2025-01-01T00:13:19Z,43009.23,43009.37,43003.86,43005.44,0.621750,3
2025-01-01T00:13:20Z,43005.44,43009.26,43004.66,43008.46,0.635119,15
2025-01-01T00:13:21Z,43008.46,43009.27,42999.73,43001.36,0.265530,6
2025-01-01T00:13:22Z,43001.36,43002.72,42998.30,42999.82,0.352987,16
2025-01-01T00:13:23Z,42999.82,43000.01,42994.20,42995.02,0.556115,12
2025-01-01T00:13:24Z,42995.02,42995.20,42992.23,42993.64,0.536652,3
2025-01-01T00:13:25Z,42993.64,42995.00,42991.66,42992.58,0.318210,20
2025-01-01T00:13:26Z,42992.58,42993.53,42992.46,42992.70,0.162348,14
2025-01-01T00:13:27Z,42992.70,42996.11,42991.95,42994.76,0.631981,8
2025-01-01T00:13:28Z,42994.76,42998.44,42993.53,42997.17,0.509735,20
2025-01-01T00:13:29Z,42997.17,43002.54,42996.22,43001.74,0.514422,13
2025-01-01T00:13:30Z,43001.74,43004.68,43000.42,43003.28,0.299576,2
2025-01-01T00:13:31Z,43003.28,43004.17,43001.87,43004.01,0.257645,18
2025-01-01T00:13:32Z,43004.01,43004.78,43002.47,43002.82,0.584098,10
2025-01-01T00:13:33Z,43002.82,43009.03,43001.21,43007.45,0.447239,5
2025-01-01T00:13:34Z,43007.45,43009.78,43005.79,43008.23,0.318888,11
2025-01-01T00:13:35Z,43008.23,43009.45,43006.58,43007.28,0.342845,6
2025-01-01T00:13:36Z,43007.28,43007.94,43003.53,43005.12,0.519338,5
2025-01-01T00:13:37Z,43005.12,43005.73,43005.00,43005.50,0.360504,5
2025-01-01T00:13:38Z,43005.50,43010.50,43004.72,43009.79,0.688334,14
2025-01-01T00:13:39Z,43009.79,43013.40,43009.01,43012.33,0.256221,13
2025-01-01T00:13:40Z,43012.33,43013.37,43010.01,43011.00,0.543214,17
2025-01-01T00:13:41Z,43011.00,43013.24,43009.41,43012.78,0.393671,2
2025-01-01T00:13:42Z,43012.78,43012.97,43007.09,43007.92,0.445065,17
2025-01-01T00:13:43Z,43007.92,43009.61,43004.03,43005.72,0.575255,3
2025-01-01T00:13:44Z,43005.72,43006.15,43000.00,43001.09,0.562115,18
2025-01-01T00:13:45Z,43001.09,43002.46,42999.89,43000.43,0.205076,1
2025-01-01T00:13:46Z,43000.43,43001.24,42995.15,42996.42,0.065959,10
2025-01-01T00:13:47Z,42996.42,42997.75,42996.36,42997.25,0.574780,2
2025-01-01T00:13:48Z,42997.25,42998.23,42993.04,42994.17,0.186342,1
2025-01-01T00:13:49Z,42994.17,42994.67,42990.78,42990.92,0.379961,9
2025-01-01T00:13:50Z,42990.92,42991.40,42990.45,42990.90,0.620467,19
2025-01-01T00:13:51Z,42990.90,42996.95,42989.76,42995.68,0.321271,8
2025-01-01T00:13:52Z,42995.68,42997.17,42988.99,42989.58,0.213993,13
2025-01-01T00:13:53Z,42989.58,42990.60,42988.82,42990.19,0.427217,12
2025-01-01T00:13:54Z,42990.19,42994.17,42990.10,42992.76,0.346826,16
2025-01-01T00:13:55Z,42992.76,42994.98,42991.47,42993.69,0.384804,13
2025-01-01T00:13:56Z,42993.69,42995.19,42991.80,42991.82,0.715237,11
2025-01-01T00:13:57Z,42991.82,42993.81,42990.65,42992.16,0.180158,9
2025-01-01T00:13:58Z,42992.16,42992.33,42989.68,42990.81,0.243760,8
2025-01-01T00:13:59Z,42990.81,42994.43,42989.80,42993.17,0.247849,6
2025-01-01T00:14:00Z,42993.17,42993.19,42992.89,42993.01,0.313374,15
2025-01-01T00:14:01Z,42993.01,42994.10,42991.76,42993.50,0.410078,20
2025-01-01T00:14:02Z,42993.50,42995.13,42988.81,42989.91,0.450594,20
2025-01-01T00:14:03Z,42989.91,42990.13,42983.37,42984.49,0.810980,6
2025-01-01T00:14:04Z,42984.49,42989.17,42983.69,42988.73,0.607172,14
2025-01-01T00:14:05Z,42988.73,42989.92,42984.39,42985.54,0.502572,3
2025-01-01T00:14:06Z,42985.54,42986.20,42983.64,42985.35,0.121508,6
2025-01-01T00:14:07Z,42985.35,42987.35,42984.51,42986.60,0.944935,6
2025-01-01T00:14:08Z,42986.60,42987.53,42984.88,42985.62,0.410400,15
2025-01-01T00:14:09Z,42985.62,42986.85,42984.16,42984.34,0.156514,9
2025-01-01T00:14:10Z,42984.34,42985.33,42983.22,42984.48,0.329320,11
2025-01-01T00:14:11Z,42984.48,42986.03,42982.86,42983.84,0.458219,16
2025-01-01T00:14:12Z,42983.84,42985.10,42979.01,42980.41,0.228474,13
2025-01-01T00:14:13Z,42980.41,42982.55,42979.00,42980.91,0.355032,12
2025-01-01T00:14:14Z,42980.91,42981.00,42977.76,42979.47,0.448781,11
2025-01-01T00:14:15Z,42979.47,42982.16,42978.68,42982.03,0.704021,6
2025-01-01T00:14:16Z,42982.03,42983.16,42973.06,42973.57,0.331035,12
2025-01-01T00:14:17Z,42973.57,42974.41,42969.05,42970.57,0.344511,2
2025-01-01T00:14:18Z,42970.57,42973.54,42969.73,42972.52,0.162697,10
2025-01-01T00:14:19Z,42972.52,42978.54,42970.86,42977.68,0.196360,11
2025-01-01T00:14:20Z,42977.68,42978.14,42976.29,42977.94,0.479493,18
2025-01-01T00:14:21Z,42977.94,42978.20,42975.98,42976.97,0.151360,16
2025-01-01T00:14:22Z,42976.97,42981.40,42975.86,42980.98,0.151298,19
2025-01-01T00:14:23Z,42980.98,42981.09,42976.97,42978.38,0.162497,20
2025-01-01T00:14:24Z,42978.38,42980.27,42976.98,42979.54,0.396744,7
2025-01-01T00:14:25Z,42979.54,42986.98,42978.52,42985.67,0.313337,5
2025-01-01T00:14:26Z,42985.67,42986.42,42985.38,42985.79,0.217395,5
2025-01-01T00:14:27Z,42985.79,42985.96,42982.27,42983.73,0.567673,1
2025-01-01T00:14:28Z,42983.73,42984.79,42982.13,42984.77,0.569211,10
2025-01-01T00:14:29Z,42984.77,42985.49,42982.44,42983.83,0.786594,7
2025-01-01T00:14:30Z,42983.83,42986.32,42983.41,42985.55,0.148762,20
2025-01-01T00:14:31Z,42985.55,42988.02,42984.69,42987.71,0.533487,1
2025-01-01T00:14:32Z,42987.71,42989.40,42983.95,42985.63,0.773454,18
2025-01-01T00:14:33Z,42985.63,42986.50,42984.05,42984.85,0.421888,2
2025-01-01T00:14:34Z,42984.85,42988.18,42983.19,42987.00,0.358206,2
2025-01-01T00:14:35Z,42987.00,42992.87,42986.37,42992.78,0.263751,20
2025-01-01T00:14:36Z,42992.78,42994.84,42991.50,42994.76,0.591887,4
2025-01-01T00:14:37Z,42994.76,42994.89,42988.92,42989.33,0.328694,14
2025-01-01T00:14:38Z,42989.33,42991.54,42987.99,42990.98,0.311813,14
2025-01-01T00:14:39Z,42990.98,42997.40,42990.34,42995.91,0.233884,16
2025-01-01T00:14:40Z,42995.91,42999.76,42994.86,42999.39,0.236746,15
2025-01-01T00:14:41Z,42999.39,43001.88,42998.30,43000.64,0.130171,2
2025-01-01T00:14:42Z,43000.64,43001.44,42999.62,43000.34,0.489800,10
2025-01-01T00:14:43Z,43000.34,43003.03,42998.98,43002.00,0.498929,6
2025-01-01T00:14:44Z,43002.00,43002.39,42997.46,42998.16,0.421263,7
2025-01-01T00:14:45Z,42998.16,42999.18,42994.68,42996.12,0.182392,8
2025-01-01T00:14:46Z,42996.12,42996.57,42994.53,42996.19,0.661478,2
2025-01-01T00:14:47Z,42996.19,42999.94,42995.38,42999.88,0.387230,4
2025-01-01T00:14:48Z,42999.88,43000.84,42997.43,42997.45,0.235187,3
2025-01-01T00:14:49Z,42997.45,42998.25,42996.30,42998.22,0.215133,19
2025-01-01T00:14:50Z,42998.22,42999.00,42996.89,42998.22,0.631145,12
2025-01-01T00:14:51Z,42998.22,42999.30,42996.26,42997.47,0.267320,17
2025-01-01T00:14:52Z,42997.47,43001.50,42995.84,43001.03,0.439159,3
2025-01-01T00:14:53Z,43001.03,43002.85,43000.46,43001.79,0.789815,12
2025-01-01T00:14:54Z,43001.79,43003.70,43000.72,43003.07,0.319879,18
2025-01-01T00:14:55Z,43003.07,43004.29,43001.04,43002.01,0.483047,11
2025-01-01T00:14:56Z,43002.01,43002.96,43000.39,43002.14,1.974736,7
2025-01-01T00:14:57Z,43002.14,43005.13,43000.83,43003.84,0.081365,17
2025-01-01T00:14:58Z,43003.84,43003.95,43002.08,43002.67,0.358811,4
2025-01-01T00:14:59Z,43002.67,43003.48,42999.26,43000.18,0.344662,3
2025-01-01T00:15:00Z,43000.18,43003.04,42999.51,43002.89,0.248931,5
2025-01-01T00:15:01Z,43002.89,43011.02,43001.99,43009.51,0.429323,18
2025-01-01T00:15:02Z,43009.51,43013.79,43008.24,43013.07,0.669035,11
2025-01-01T00:15:03Z,43013.07,43013.78,43010.87,43011.46,0.443063,19
2025-01-01T00:15:04Z,43011.46,43012.40,43008.55,43009.34,0.648636,10
2025-01-01T00:15:05Z,43009.34,43009.63,43005.25,43005.69,0.231850,2
2025-01-01T00:15:06Z,43005.69,43009.03,43004.63,43007.38,0.196685,6
2025-01-01T00:15:07Z,43007.38,43011.33,43005.94,43009.65,0.604001,5
2025-01-01T00:15:08Z,43009.65,43012.28,43008.66,43010.57,0.339446,7
2025-01-01T00:15:09Z,43010.57,43013.00,43010.51,43012.04,0.289586,12
2025-01-01T00:15:10Z,43012.04,43012.95,43002.96,43003.16,0.894547,17
2025-01-01T00:15:11Z,43003.16,43006.73,43001.95,43006.16,0.356468,19
2025-01-01T00:15:12Z,43006.16,43007.41,43001.50,43003.09,0.314781,16
2025-01-01T00:15:13Z,43003.09,43004.64,42997.51,42997.75,0.391870,13
2025-01-01T00:15:14Z,42997.75,42998.37,42995.40,42995.96,0.412822,17
2025-01-01T00:15:15Z,42995.96,42996.35,42992.73,42994.34,0.390400,3
2025-01-01T00:15:16Z,42994.34,42998.59,42993.30,42997.75,0.371763,12
2025-01-01T00:15:17Z,42997.75,42998.43,42996.01,42997.24,0.332503,1
2025-01-01T00:15:18Z,42997.24,42998.92,42995.05,42996.55,0.530563,14
2025-01-01T00:15:19Z,42996.55,43000.94,42995.84,42999.68,0.752601,5
2025-01-01T00:15:20Z,42999.68,43002.21,42997.99,43000.71,0.468135,14
2025-01-01T00:15:21Z,43000.71,43005.59,43000.24,43004.49,0.219051,19
2025-01-01T00:15:22Z,43004.49,43004.87,43003.83,43004.55,0.386062,10
2025-01-01T00:15:23Z,43004.55,43005.99,43002.17,43002.69,0.404449,1
2025-01-01T00:15:24Z,43002.69,43003.73,43001.59,43003.21,0.420523,10
2025-01-01T00:15:25Z,43003.21,43003.93,43000.44,43001.29,0.455363,4
2025-01-01T00:15:26Z,43001.29,43003.34,43000.26,43001.67,0.292805,14
2025-01-01T00:15:27Z,43001.67,43003.16,42996.60,42997.68,0.343965,4
2025-01-01T00:15:28Z,42997.68,42997.71,42993.33,42993.77,0.399328,15
2025-01-01T00:15:29Z,42993.77,42999.29,42993.54,42997.77,0.247320,14
2025-01-01T00:15:30Z,42997.77,42997.86,42991.66,42992.16,0.418575,7
2025-01-01T00:15:31Z,42992.16,42993.48,42985.38,42985.69,0.493588,10
2025-01-01T00:15:32Z,42985.69,42986.32,42984.06,42984.98,0.317072,5
2025-01-01T00:15:33Z,42984.98,42991.15,42984.34,42990.26,0.360727,6
2025-01-01T00:15:34Z,42990.26,42992.23,42989.93,42991.85,0.887834,17
2025-01-01T00:15:35Z,42991.85,42994.51,42990.63,42993.05,0.885871,14
2025-01-01T00:15:36Z,42993.05,42994.46,42990.14,42991.72,0.358610,12
2025-01-01T00:15:37Z,42991.72,42992.30,42990.96,42992.06,0.190975,4
2025-01-01T00:15:38Z,42992.06,42993.48,42991.67,42993.23,0.254239,3
2025-01-01T00:15:39Z,42993.23,43000.65,42991.92,42999.92,0.359247,7
2025-01-01T00:15:40Z,42999.92,43005.56,42999.81,43004.67,0.237499,3
2025-01-01T00:15:41Z,43004.67,43009.02,43004.66,43008.50,0.454627,7
2025-01-01T00:15:42Z,43008.50,43009.93,43007.05,43009.78,0.314905,17
2025-01-01T00:15:43Z,43009.78,43014.06,43008.72,43012.72,0.369546,19
2025-01-01T00:15:44Z,43012.72,43014.30,43011.06,43013.07,0.117120,1
2025-01-01T00:15:45Z,43013.07,43014.74,43008.69,43008.86,0.224301,16
2025-01-01T00:15:46Z,43008.86,43009.61,43004.14,43005.79,0.240674,13
2025-01-01T00:15:47Z,43005.79,43009.93,43004.91,43009.20,0.263878,11
2025-01-01T00:15:48Z,43009.20,43010.62,43007.89,43010.39,0.546911,2
2025-01-01T00:15:49Z,43010.39,43011.70,43009.54,43011.55,0.306668,10
2025-01-01T00:15:50Z,43011.55,43011.94,43008.31,43009.01,0.761241,3
2025-01-01T00:15:51Z,43009.01,43010.55,43001.54,43002.92,0.667247,1
2025-01-01T00:15:52Z,43002.92,43007.10,43002.16,43006.92,0.426830,5
2025-01-01T00:15:53Z,43006.92,43007.59,43005.69,43006.88,0.551525,12
2025-01-01T00:15:54Z,43006.88,43010.99,43005.18,43009.97,0.480821,19
2025-01-01T00:15:55Z,43009.97,43010.99,43008.18,43009.48,0.254027,13
2025-01-01T00:15:56Z,43009.48,43013.83,43008.70,43013.58,0.195027,8
2025-01-01T00:15:57Z,43013.58,43014.66,43013.02,43013.25,0.708853,11
2025-01-01T00:15:58Z,43013.25,43016.17,43013.12,43016.00,0.931046,15
2025-01-01T00:15:59Z,43016.00,43020.28,43014.86,43019.93,0.363736,11
2025-01-01T00:16:00Z,43019.93,43021.52,43018.62,43021.49,0.203089,13
2025-01-01T00:16:01Z,43021.49,43022.25,43017.43,43017.49,0.163034,10
2025-01-01T00:16:02Z,43017.49,43019.77,43016.95,43019.03,0.245817,19
2025-01-01T00:16:03Z,43019.03,43020.19,43016.52,43017.66,0.533495,16
2025-01-01T00:16:04Z,43017.66,43017.75,43015.34,43015.80,0.417076,12
2025-01-01T00:16:05Z,43015.80,43017.12,43014.54,43015.03,0.146814,5
2025-01-01T00:16:06Z,43015.03,43017.95,43014.98,43016.67,0.612367,4
2025-01-01T00:16:07Z,43016.67,43017.41,43012.24,43013.94,0.339574,8
2025-01-01T00:16:08Z,43013.94,43015.03,43012.38,43014.01,0.215200,11
2025-01-01T00:16:09Z,43014.01,43019.27,43013.08,43018.98,0.320765,14
2025-01-01T00:16:10Z,43018.98,43019.99,43016.72,43018.41,0.309745,19
2025-01-01T00:16:11Z,43018.41,43023.86,43017.57,43023.69,0.452109,16
2025-01-01T00:16:12Z,43023.69,43024.27,43016.77,43017.82,0.298840,16
2025-01-01T00:16:13Z,43017.82,43018.92,43016.04,43017.71,0.263488,10
2025-01-01T00:16:14Z,43017.71,43021.58,43016.44,43021.19,0.217797,3
2025-01-01T00:16:15Z,43021.19,43022.17,43020.19,43021.10,0.334273,3
2025-01-01T00:16:16Z,43021.10,43022.49,43018.66,43019.40,0.383980,13
2025-01-01T00:16:17Z,43019.40,43019.83,43016.13,43017.01,0.509287,1
2025-01-01T00:16:18Z,43017.01,43017.33,43013.27,43014.12,0.805176,15
2025-01-01T00:16:19Z,43014.12,43014.58,43010.03,43011.13,0.452378,7
2025-01-01T00:16:20Z,43011.13,43011.39,43008.66,43009.84,0.271600,11
2025-01-01T00:16:21Z,43009.84,43012.77,43008.27,43011.29,0.775538,9
2025-01-01T00:16:22Z,43011.29,43013.94,43010.26,43013.50,0.335851,7
2025-01-01T00:16:23Z,43013.50,43013.54,43007.68,43009.05,0.268262,14
2025-01-01T00:16:24Z,43009.05,43009.40,43001.97,43002.44,0.240686,2
2025-01-01T00:16:25Z,43002.44,43007.60,43001.61,43005.95,0.150197,3
2025-01-01T00:16:26Z,43005.95,43009.41,43004.82,43008.79,0.460150,4
2025-01-01T00:16:27Z,43008.79,43009.77,43005.86,43006.72,0.139586,19
2025-01-01T00:16:28Z,43006.72,43014.71,43005.20,43014.28,0.284800,11
2025-01-01T00:16:29Z,43014.28,43014.84,43010.78,43011.79,0.252803,8
2025-01-01T00:16:30Z,43011.79,43014.17,43011.42,43013.99,0.265306,19
2025-01-01T00:16:31Z,43013.99,43014.09,43012.11,43013.03,0.446208,18
2025-01-01T00:16:32Z,43013.03,43014.68,43006.87,43008.38,0.662597,12
2025-01-01T00:16:33Z,43008.38,43012.19,43008.35,43010.77,0.875597,2
2025-01-01T00:16:34Z,43010.77,43011.18,43007.60,43008.55,0.196603,4
2025-01-01T00:16:35Z,43008.55,43009.47,43002.48,43002.88,0.350009,13
2025-01-01T00:16:36Z,43002.88,43010.29,43001.27,43009.78,0.503265,6
2025-01-01T00:16:37Z,43009.78,43011.35,43005.29,43006.38,0.338510,3
2025-01-01T00:16:38Z,43006.38,43010.80,43005.67,43009.99,1.036104,4
2025-01-01T00:16:39Z,43009.99,43011.41,43001.45,43002.65,0.370976,20
2025-01-01T00:16:40Z,43002.65,43003.21,43000.87,43002.07,0.688385,6
2025-01-01T00:16:41Z,43002.07,43003.15,42996.39,42997.75,0.218533,10
2025-01-01T00:16:42Z,42997.75,42998.03,42996.29,42997.18,0.793259,11
2025-01-01T00:16:43Z,42997.18,42999.25,42995.68,42998.48,0.251492,19
2025-01-01T00:16:44Z,42998.48,43001.66,42997.76,43001.32,1.180540,15
2025-01-01T00:16:45Z,43001.32,43001.66,42994.63,42995.84,0.228924,14
2025-01-01T00:16:46Z,42995.84,42997.49,42993.95,42994.24,0.390044,17
2025-01-01T00:16:47Z,42994.24,42994.99,42991.49,42993.07,0.325739,4
2025-01-01T00:16:48Z,42993.07,42995.05,42991.67,42993.42,0.166807,13
2025-01-01T00:16:49Z,42993.42,42995.91,42991.95,42995.69,0.206658,14
2025-01-01T00:16:50Z,42995.69,42998.31,42994.01,42998.26,0.243348,8
2025-01-01T00:16:51Z,42998.26,43004.40,42997.08,43003.76,0.354779,5
2025-01-01T00:16:52Z,43003.76,43010.86,43003.40,43010.18,0.309350,20
2025-01-01T00:16:53Z,43010.18,43010.62,43003.26,43003.43,0.208602,8
2025-01-01T00:16:54Z,43003.43,43004.47,42999.09,43000.24,0.898217,2
2025-01-01T00:16:55Z,43000.24,43000.82,42999.38,43000.81,0.435739,18
2025-01-01T00:16:56Z,43000.81,43003.17,42999.96,43002.88,0.283840,3
2025-01-01T00:16:57Z,43002.88,43003.96,43001.97,43003.41,0.259784,2
2025-01-01T00:16:58Z,43003.41,43009.07,43002.93,43007.40,0.298251,9
2025-01-01T00:16:59Z,43007.40,43008.45,43005.52,43006.83,0.273907,6
2025-01-01T00:17:00Z,43006.83,43008.15,43002.10,43002.36,0.890419,15
2025-01-01T00:17:01Z,43002.36,43012.61,43002.11,43012.52,0.182780,14
2025-01-01T00:17:02Z,43012.52,43018.80,43011.76,43017.95,0.353163,5
2025-01-01T00:17:03Z,43017.95,43023.01,43017.79,43022.80,0.540877,6
2025-01-01T00:17:04Z,43022.80,43023.77,43021.63,43022.77,0.238393,4
2025-01-01T00:17:05Z,43022.77,43024.30,43016.30,43016.35,0.598687,13
2025-01-01T00:17:06Z,43016.35,43016.53,43010.22,43010.78,0.174003,16
2025-01-01T00:17:07Z,43010.78,43017.18,43009.13,43016.40,0.652404,19
2025-01-01T00:17:08Z,43016.40,43022.48,43015.92,43021.10,0.998205,18
2025-01-01T00:17:09Z,43021.10,43027.70,43020.44,43026.06,0.331031,13
2025-01-01T00:17:10Z,43026.06,43032.02,43024.72,43031.74,0.174553,5
2025-01-01T00:17:11Z,43031.74,43035.50,43030.89,43035.29,0.272635,10
2025-01-01T00:17:12Z,43035.29,43039.74,43035.13,43039.12,0.319151,15
2025-01-01T00:17:13Z,43039.12,43040.64,43035.61,43036.43,0.404037,14
2025-01-01T00:17:14Z,43036.43,43038.93,43035.70,43038.18,0.202129,15
2025-01-01T00:17:15Z,43038.18,43039.35,43032.63,43033.75,0.393107,3
2025-01-01T00:17:16Z,43033.75,43035.31,43031.97,43032.79,0.260390,10
2025-01-01T00:17:17Z,43032.79,43037.78,43031.89,43036.33,0.305984,3
2025-01-01T00:17:18Z,43036.33,43040.77,43035.62,43039.89,0.330089,9
2025-01-01T00:17:19Z,43039.89,43040.51,43036.81,43037.82,0.540152,6
2025-01-01T00:17:20Z,43037.82,43039.08,43036.60,43038.37,0.206300,15
2025-01-01T00:17:21Z,43038.37,43039.44,43037.01,43037.46,0.264674,20
2025-01-01T00:17:22Z,43037.46,43038.21,43037.10,43037.13,0.335767,16
2025-01-01T00:17:23Z,43037.13,43043.04,43036.44,43042.25,0.624355,16
2025-01-01T00:17:24Z,43042.25,43043.31,43038.98,43040.17,0.489882,5
2025-01-01T00:17:25Z,43040.17,43046.12,43039.97,43046.10,0.543040,5
2025-01-01T00:17:26Z,43046.10,43047.18,43042.54,43043.90,0.251769,15
2025-01-01T00:17:27Z,43043.90,43044.16,43040.17,43040.89,0.532176,16
2025-01-01T00:17:28Z,43040.89,43041.90,43033.80,43034.15,0.526458,2
2025-01-01T00:17:29Z,43034.15,43035.91,43033.97,43035.33,0.621746,14
2025-01-01T00:17:30Z,43035.33,43039.60,43034.38,43038.57,0.259195,16
2025-01-01T00:17:31Z,43038.57,43039.46,43032.71,43033.96,0.554634,2
2025-01-01T00:17:32Z,43033.96,43034.50,43030.27,43030.38,0.655848,16
2025-01-01T00:17:33Z,43030.38,43030.58,43028.64,43029.71,0.461758,14
2025-01-01T00:17:34Z,43029.71,43032.83,43029.12,43032.50,0.274037,11
2025-01-01T00:17:35Z,43032.50,43034.42,43031.03,43032.83,0.520627,10
2025-01-01T00:17:36Z,43032.83,43033.55,43030.60,43032.22,0.451342,16
2025-01-01T00:17:37Z,43032.22,43033.60,43027.36,43028.82,0.425561,3
2025-01-01T00:17:38Z,43028.82,43029.16,43026.84,43027.88,0.204709,16
2025-01-01T00:17:39Z,43027.88,43028.41,43025.92,43026.28,0.611503,6
2025-01-01T00:17:40Z,43026.28,43030.22,43024.89,43029.35,0.314400,8
2025-01-01T00:17:41Z,43029.35,43035.60,43028.97,43035.39,0.268501,12
2025-01-01T00:17:42Z,43035.39,43037.03,43033.85,43036.08,0.406511,2
2025-01-01T00:17:43Z,43036.08,43037.67,43029.43,43030.18,0.291675,4
2025-01-01T00:17:44Z,43030.18,43037.13,43028.71,43036.08,0.168549,17
2025-01-01T00:17:45Z,43036.08,43036.26,43034.01,43035.09,0.242783,15
2025-01-01T00:17:46Z,43035.09,43036.86,43034.83,43035.36,0.192756,4
2025-01-01T00:17:47Z,43035.36,43036.82,43030.54,43031.29,0.269042,8
2025-01-01T00:17:48Z,43031.29,43033.73,43031.00,43033.24,0.181824,14
2025-01-01T00:17:49Z,43033.24,43033.86,43028.70,43029.85,0.337229,14
2025-01-01T00:17:50Z,43029.85,43030.64,43025.32,43026.79,0.546592,1
2025-01-01T00:17:51Z,43026.79,43029.34,43025.46,43028.58,0.541595,3
2025-01-01T00:17:52Z,43028.58,43032.81,43028.30,43031.12,0.539673,19
2025-01-01T00:17:53Z,43031.12,43032.71,43030.04,43032.61,0.630570,17
2025-01-01T00:17:54Z,43032.61,43037.63,43031.40,43036.11,0.288326,9
2025-01-01T00:17:55Z,43036.11,43037.66,43034.41,43035.46,0.221311,7
2025-01-01T00:17:56Z,43035.46,43040.15,43034.70,43039.09,0.181696,13
2025-01-01T00:17:57Z,43039.09,43040.42,43034.40,43035.92,0.170181,13
2025-01-01T00:17:58Z,43035.92,43036.14,43033.29,43035.00,0.299901,18
2025-01-01T00:17:59Z,43035.00,43035.54,43028.80,43029.38,0.414442,18
2025-01-01T00:18:00Z,43029.38,43030.71,43025.96,43027.21,0.201494,17
2025-01-01T00:18:01Z,43027.21,43027.82,43025.68,43025.76,0.426538,10
2025-01-01T00:18:02Z,43025.76,43026.35,43025.00,43025.41,0.608853,18
2025-01-01T00:18:03Z,43025.41,43026.86,43024.81,43025.21,0.219345,19
2025-01-01T00:18:04Z,43025.21,43026.11,43022.20,43022.62,0.258313,12
2025-01-01T00:18:05Z,43022.62,43023.41,43017.52,43017.77,0.330084,3
2025-01-01T00:18:06Z,43017.77,43025.22,43017.00,43024.40,0.290353,19
2025-01-01T00:18:07Z,43024.40,43028.07,43023.06,43027.10,0.792653,14
2025-01-01T00:18:08Z,43027.10,43033.95,43025.84,43032.32,0.337860,17
2025-01-01T00:18:09Z,43032.32,43032.54,43030.94,43032.17,0.125444,17
2025-01-01T00:18:10Z,43032.17,43034.70,43030.88,43033.88,0.672989,4
2025-01-01T00:18:11Z,43033.88,43036.49,43033.18,43035.45,0.172146,2
2025-01-01T00:18:12Z,43035.45,43035.97,43033.06,43033.70,0.127164,10
2025-01-01T00:18:13Z,43033.70,43035.23,43033.04,43033.42,0.628428,4
2025-01-01T00:18:14Z,43033.42,43033.49,43031.32,43032.14,0.273058,11
2025-01-01T00:18:15Z,43032.14,43033.49,43030.90,43031.72,0.593733,5
2025-01-01T00:18:16Z,43031.72,43032.50,43027.08,43027.86,0.586072,20
2025-01-01T00:18:17Z,43027.86,43029.00,43026.99,43027.70,0.251817,18
2025-01-01T00:18:18Z,43027.70,43033.34,43027.22,43032.57,0.240990,1
2025-01-01T00:18:19Z,43032.57,43034.97,43031.20,43033.99,0.551716,4
2025-01-01T00:18:20Z,43033.99,43035.63,43032.11,43033.05,0.396454,17
2025-01-01T00:18:21Z,43033.05,43034.59,43031.65,43031.86,0.175139,19
2025-01-01T00:18:22Z,43031.86,43032.91,43025.26,43025.95,0.177931,14
2025-01-01T00:18:23Z,43025.95,43028.09,43025.05,43028.05,0.329117,4
2025-01-01T00:18:24Z,43028.05,43028.37,43023.96,43025.28,0.432919,11
2025-01-01T00:18:25Z,43025.28,43025.60,43023.28,43024.51,0.303544,5
2025-01-01T00:18:26Z,43024.51,43025.15,43020.44,43021.86,0.244704,20
2025-01-01T00:18:27Z,43021.86,43024.41,43021.01,43023.40,0.523115,4
2025-01-01T00:18:28Z,43023.40,43024.36,43022.88,43022.99,0.411513,4
2025-01-01T00:18:29Z,43022.99,43026.36,43022.04,43025.94,0.522993,14
2025-01-01T00:18:30Z,43025.94,43026.80,43018.27,43019.61,0.188715,6
2025-01-01T00:18:31Z,43019.61,43023.13,43018.69,43021.79,0.175705,15
2025-01-01T00:18:32Z,43021.79,43029.48,43020.72,43027.82,0.430711,2
2025-01-01T00:18:33Z,43027.82,43031.02,43026.99,43029.41,0.620641,13
2025-01-01T00:18:34Z,43029.41,43036.35,43027.96,43035.98,0.294143,18
2025-01-01T00:18:35Z,43035.98,43036.95,43035.39,43035.90,0.332074,5
2025-01-01T00:18:36Z,43035.90,43037.42,43033.52,43033.89,0.375645,11
2025-01-01T00:18:37Z,43033.89,43034.98,43019.67,43021.35,0.470070,11
2025-01-01T00:18:38Z,43021.35,43022.38,43019.20,43019.23,0.585924,1
2025-01-01T00:18:39Z,43019.23,43023.43,43019.22,43022.38,0.430707,16
2025-01-01T00:18:40Z,43022.38,43024.02,43021.26,43022.67,0.875833,4
2025-01-01T00:18:41Z,43022.67,43023.28,43016.96,43018.35,0.569782,6
2025-01-01T00:18:42Z,43018.35,43023.34,43018.14,43021.65,0.320567,1
2025-01-01T00:18:43Z,43021.65,43022.03,43016.24,43016.27,0.321740,20
2025-01-01T00:18:44Z,43016.27,43016.65,43010.12,43011.80,0.360322,20
2025-01-01T00:18:45Z,43011.80,43012.16,43006.99,43007.33,0.580483,9
2025-01-01T00:18:46Z,43007.33,43008.28,43002.50,43003.63,0.439310,19
2025-01-01T00:18:47Z,43003.63,43003.94,43000.88,43001.89,0.468509,19
2025-01-01T00:18:48Z,43001.89,43007.47,43001.42,43006.21,0.500302,15
2025-01-01T00:18:49Z,43006.21,43006.22,42999.83,43000.57,0.562289,11
2025-01-01T00:18:50Z,43000.57,43001.04,42989.12,42990.29,0.351732,2
2025-01-01T00:18:51Z,42990.29,42996.37,42989.90,42994.85,0.264887,15
2025-01-01T00:18:52Z,42994.85,42995.43,42991.90,42993.41,0.172376,3
2025-01-01T00:18:53Z,42993.41,42998.08,42993.08,42996.50,0.314646,4
2025-01-01T00:18:54Z,42996.50,43000.09,42995.13,43000.05,0.243657,11
2025-01-01T00:18:55Z,43000.05,43002.07,42998.64,43000.64,0.376104,3
2025-01-01T00:18:56Z,43000.64,43002.67,42999.56,43001.36,0.396151,2
2025-01-01T00:18:57Z,43001.36,43002.93,42995.94,42996.58,0.434823,4
2025-01-01T00:18:58Z,42996.58,42997.09,42993.94,42994.60,0.207690,20
2025-01-01T00:18:59Z,42994.60,42994.62,42989.93,42990.59,0.429500,1
2025-01-01T00:19:00Z,42990.59,42990.92,42987.42,42987.60,0.401540,7
2025-01-01T00:19:01Z,42987.60,42989.97,42987.38,42988.42,0.372261,16
2025-01-01T00:19:02Z,42988.42,42988.84,42986.40,42987.77,0.212738,14
2025-01-01T00:19:03Z,42987.77,42988.65,42982.92,42984.04,0.274422,18
2025-01-01T00:19:04Z,42984.04,42984.82,42983.45,42984.29,0.463235,2
2025-01-01T00:19:05Z,42984.29,42984.70,42980.91,42982.32,0.388268,12
2025-01-01T00:19:06Z,42982.32,42984.60,42980.97,42983.04,0.244339,15
2025-01-01T00:19:07Z,42983.04,42986.18,42982.47,42985.15,0.436625,6
2025-01-01T00:19:08Z,42985.15,42992.22,42984.30,42990.66,0.997203,8
2025-01-01T00:19:09Z,42990.66,42995.71,42990.29,42994.90,0.342565,11
2025-01-01T00:19:10Z,42994.90,42996.71,42993.48,42996.03,0.279783,5
2025-01-01T00:19:11Z,42996.03,42996.53,42992.51,42992.84,0.503320,2
2025-01-01T00:19:12Z,42992.84,42995.54,42992.47,42995.05,0.287297,18
2025-01-01T00:19:13Z,42995.05,42995.48,42994.31,42994.64,0.252491,4
2025-01-01T00:19:14Z,42994.64,43000.37,42993.29,42999.72,0.295217,12
2025-01-01T00:19:15Z,42999.72,43001.48,42998.10,43000.34,0.240432,12
2025-01-01T00:19:16Z,43000.34,43001.44,42997.19,42998.78,0.635610,18
2025-01-01T00:19:17Z,42998.78,43002.54,42998.52,43002.04,0.204892,9
2025-01-01T00:19:18Z,43002.04,43008.33,43000.51,43006.67,0.280408,16
2025-01-01T00:19:19Z,43006.67,43008.03,43000.74,43001.80,0.230800,17
2025-01-01T00:19:20Z,43001.80,43002.10,42997.59,42998.81,0.383771,16
2025-01-01T00:19:21Z,42998.81,43002.52,42997.81,43001.71,0.647774,2
2025-01-01T00:19:22Z,43001.71,43004.37,43001.31,43003.59,0.241760,13
2025-01-01T00:19:23Z,43003.59,43011.56,43001.98,43010.57,0.289308,5
2025-01-01T00:19:24Z,43010.57,43011.47,43010.15,43010.55,0.164150,11
2025-01-01T00:19:25Z,43010.55,43011.28,43006.81,43007.61,0.246725,11
2025-01-01T00:19:26Z,43007.61,43008.37,43006.98,43007.44,0.258268,18
2025-01-01T00:19:27Z,43007.44,43009.25,43006.09,43008.15,0.267138,11
2025-01-01T00:19:28Z,43008.15,43009.47,43006.63,43008.09,0.188219,5
2025-01-01T00:19:29Z,43008.09,43015.43,43006.79,43013.72,0.320189,19
2025-01-01T00:19:30Z,43013.72,43014.84,43011.98,43013.68,0.158087,7
2025-01-01T00:19:31Z,43013.68,43014.50,43012.21,43013.09,1.012120,15
2025-01-01T00:19:32Z,43013.09,43014.55,43011.51,43012.25,0.705376,15
2025-01-01T00:19:33Z,43012.25,43014.19,43011.29,43013.41,0.285250,5
2025-01-01T00:19:34Z,43013.41,43014.27,43010.29,43011.43,0.313185,14
2025-01-01T00:19:35Z,43011.43,43017.84,43010.73,43016.66,0.616865,11
2025-01-01T00:19:36Z,43016.66,43016.71,43012.55,43012.79,0.492242,20
2025-01-01T00:19:37Z,43012.79,43013.78,43009.74,43010.42,0.199901,16
2025-01-01T00:19:38Z,43010.42,43014.60,43008.88,43013.82,0.385538,20
2025-01-01T00:19:39Z,43013.82,43017.42,43013.50,43016.58,0.288870,17
2025-01-01T00:19:40Z,43016.58,43018.48,43016.28,43017.59,0.621090,6
2025-01-01T00:19:41Z,43017.59,43019.73,43017.37,43018.03,0.280143,13
2025-01-01T00:19:42Z,43018.03,43024.82,43017.68,43024.59,0.301101,16
2025-01-01T00:19:43Z,43024.59,43024.87,43021.62,43022.61,0.299950,15
2025-01-01T00:19:44Z,43022.61,43022.86,43022.37,43022.48,0.234771,17
2025-01-01T00:19:45Z,43022.48,43023.40,43021.50,43022.84,0.362608,2
2025-01-01T00:19:46Z,43022.84,43024.35,43021.76,43022.55,0.667566,10
2025-01-01T00:19:47Z,43022.55,43023.22,43018.24,43019.66,0.614473,6
2025-01-01T00:19:48Z,43019.66,43024.91,43018.09,43024.12,0.196040,13
2025-01-01T00:19:49Z,43024.12,43025.32,43020.69,43020.77,0.544835,18
2025-01-01T00:19:50Z,43020.77,43021.97,43017.47,43018.71,0.227906,18
2025-01-01T00:19:51Z,43018.71,43026.26,43018.08,43026.05,0.572367,11
2025-01-01T00:19:52Z,43026.05,43026.41,43024.16,43024.24,0.486730,11
2025-01-01T00:19:53Z,43024.24,43026.57,43022.77,43025.28,0.336354,4
2025-01-01T00:19:54Z,43025.28,43026.44,43023.95,43024.74,0.354826,8
2025-01-01T00:19:55Z,43024.74,43025.97,43022.12,43022.88,0.355312,6
2025-01-01T00:19:56Z,43022.88,43023.30,43022.37,43023.13,0.386276,3
2025-01-01T00:19:57Z,43023.13,43024.79,43023.11,43023.64,0.259831,6
2025-01-01T00:19:58Z,43023.64,43024.93,43023.27,43023.76,1.032692,17
2025-01-01T00:19:59Z,43023.76,43025.69,43022.53,43024.59,0.643283,10
2025-01-01T00:20:00Z,43024.59,43024.67,43019.51,43020.16,0.261589,8
2025-01-01T00:20:01Z,43020.16,43022.04,43020.13,43021.70,0.868547,3
2025-01-01T00:20:02Z,43021.70,43024.31,43020.27,43022.94,0.261320,14
2025-01-01T00:20:03Z,43022.94,43030.76,43021.54,43029.88,0.244745,20
2025-01-01T00:20:04Z,43029.88,43032.57,43029.67,43030.95,0.251185,6
2025-01-01T00:20:05Z,43030.95,43035.06,43029.83,43035.03,0.182329,9
2025-01-01T00:20:06Z,43035.03,43035.15,43032.65,43033.03,0.240655,4
2025-01-01T00:20:07Z,43033.03,43034.25,43028.92,43030.29,0.852739,9
2025-01-01T00:20:08Z,43030.29,43036.42,43029.09,43034.73,0.471786,11
2025-01-01T00:20:09Z,43034.73,43036.41,43032.33,43033.47,0.698678,17
2025-01-01T00:20:10Z,43033.47,43034.48,43030.12,43031.82,0.202334,4
2025-01-01T00:20:11Z,43031.82,43032.35,43028.54,43029.82,0.657255,2
2025-01-01T00:20:12Z,43029.82,43032.72,43029.17,43032.37,0.431669,20
2025-01-01T00:20:13Z,43032.37,43037.09,43031.61,43035.38,0.534651,11
2025-01-01T00:20:14Z,43035.38,43036.28,43030.03,43031.71,0.439758,1
2025-01-01T00:20:15Z,43031.71,43032.10,43025.81,43027.07,0.310410,2
2025-01-01T00:20:16Z,43027.07,43031.67,43025.89,43031.25,0.594750,13
2025-01-01T00:20:17Z,43031.25,43032.14,43028.04,43028.36,0.414374,16
2025-01-01T00:20:18Z,43028.36,43031.42,43028.12,43030.33,0.278220,19
2025-01-01T00:20:19Z,43030.33,43032.16,43028.96,43031.22,0.219852,14
2025-01-01T00:20:20Z,43031.22,43032.46,43030.26,43030.68,0.254222,10
2025-01-01T00:20:21Z,43030.68,43031.68,43026.01,43027.68,0.264556,12
2025-01-01T00:20:22Z,43027.68,43028.44,43025.06,43025.93,0.852803,16
2025-01-01T00:20:23Z,43025.93,43027.14,43025.28,43027.11,0.898690,5
2025-01-01T00:20:24Z,43027.11,43027.76,43024.49,43025.02,0.240590,16
2025-01-01T00:20:25Z,43025.02,43025.14,43024.01,43024.25,0.356580,7
2025-01-01T00:20:26Z,43024.25,43032.28,43023.61,43031.02,0.319773,13
2025-01-01T00:20:27Z,43031.02,43032.80,43030.38,43031.13,0.358808,19
2025-01-01T00:20:28Z,43031.13,43039.23,43030.92,43037.52,0.938618,12
2025-01-01T00:20:29Z,43037.52,43041.43,43036.68,43040.55,0.626653,13
2025-01-01T00:20:30Z,43040.55,43045.92,43040.49,43045.51,0.761693,1
2025-01-01T00:20:31Z,43045.51,43046.71,43041.82,43042.93,0.252597,5
2025-01-01T00:20:32Z,43042.93,43044.57,43041.29,43042.74,1.632597,13
2025-01-01T00:20:33Z,43042.74,43048.56,43041.06,43047.34,0.541527,14
2025-01-01T00:20:34Z,43047.34,43049.01,43046.08,43047.22,0.318134,14
2025-01-01T00:20:35Z,43047.22,43051.36,43045.62,43050.07,0.500386,5
2025-01-01T00:20:36Z,43050.07,43051.35,43048.51,43049.71,0.364999,14
2025-01-01T00:20:37Z,43049.71,43052.89,43048.59,43051.99,0.468145,12
2025-01-01T00:20:38Z,43051.99,43053.47,43051.12,43052.63,0.169946,7
2025-01-01T00:20:39Z,43052.63,43054.59,43052.53,43054.27,0.118838,9
2025-01-01T00:20:40Z,43054.27,43061.89,43052.69,43061.13,0.146310,3
2025-01-01T00:20:41Z,43061.13,43061.64,43059.66,43060.31,0.274974,19
2025-01-01T00:20:42Z,43060.31,43061.93,43060.30,43060.62,0.720892,2
2025-01-01T00:20:43Z,43060.62,43064.67,43059.72,43064.50,0.743532,11
2025-01-01T00:20:44Z,43064.50,43065.68,43061.36,43061.95,0.298664,12
2025-01-01T00:20:45Z,43061.95,43063.10,43059.33,43059.98,0.203976,11
2025-01-01T00:20:46Z,43059.98,43061.50,43059.29,43060.00,0.629303,8
2025-01-01T00:20:47Z,43060.00,43060.63,43058.61,43059.67,0.476959,14
2025-01-01T00:20:48Z,43059.67,43060.77,43057.83,43059.45,0.242566,2
2025-01-01T00:20:49Z,43059.45,43061.12,43057.88,43059.15,0.448938,16
2025-01-01T00:20:50Z,43059.15,43059.29,43054.50,43055.24,0.295328,5
2025-01-01T00:20:51Z,43055.24,43059.44,43053.73,43057.95,0.871437,2
2025-01-01T00:20:52Z,43057.95,43062.66,43056.79,43062.14,0.513725,6
2025-01-01T00:20:53Z,43062.14,43068.04,43060.50,43066.49,0.355831,8
2025-01-01T00:20:54Z,43066.49,43068.93,43066.34,43067.80,0.302257,6
2025-01-01T00:20:55Z,43067.80,43074.92,43067.23,43073.32,0.320180,9
2025-01-01T00:20:56Z,43073.32,43074.47,43067.83,43068.97,0.989565,16
2025-01-01T00:20:57Z,43068.97,43069.13,43060.39,43061.58,0.651882,11
2025-01-01T00:20:58Z,43061.58,43062.84,43056.92,43057.58,0.485889,14
2025-01-01T00:20:59Z,43057.58,43062.72,43057.20,43061.33,0.218534,11
2025-01-01T00:21:00Z,43061.33,43065.59,43061.22,43065.59,0.449219,14
2025-01-01T00:21:01Z,43065.59,43066.14,43063.60,43064.22,0.783496,17
2025-01-01T00:21:02Z,43064.22,43064.41,43061.76,43061.77,0.572255,10
2025-01-01T00:21:03Z,43061.77,43063.22,43056.89,43057.75,0.334485,5
2025-01-01T00:21:04Z,43057.75,43059.18,43057.50,43057.55,0.269812,4
2025-01-01T00:21:05Z,43057.55,43058.03,43049.32,43050.78,0.436917,7
2025-01-01T00:21:06Z,43050.78,43051.43,43043.64,43045.33,0.160165,7
2025-01-01T00:21:07Z,43045.33,43046.88,43043.72,43045.42,0.150718,6
2025-01-01T00:21:08Z,43045.42,43049.32,43044.02,43048.80,0.187254,14
2025-01-01T00:21:09Z,43048.80,43049.97,43042.67,43044.38,0.528889,17
2025-01-01T00:21:10Z,43044.38,43045.96,43042.68,43043.89,0.385051,11
2025-01-01T00:21:11Z,43043.89,43045.19,43040.04,43041.04,0.512428,6
2025-01-01T00:21:12Z,43041.04,43041.87,43036.13,43037.67,0.103055,7
2025-01-01T00:21:13Z,43037.67,43038.94,43035.85,43035.86,0.580872,5
2025-01-01T00:21:14Z,43035.86,43037.03,43028.49,43028.78,0.203813,16
2025-01-01T00:21:15Z,43028.78,43035.88,43028.69,43035.57,0.441639,2
2025-01-01T00:21:16Z,43035.57,43038.56,43034.55,43038.04,0.122145,3
2025-01-01T00:21:17Z,43038.04,43041.65,43036.55,43040.31,0.439503,15
2025-01-01T00:21:18Z,43040.31,43040.45,43038.22,43039.06,0.494270,1
2025-01-01T00:21:19Z,43039.06,43041.28,43037.36,43040.27,0.347352,4
2025-01-01T00:21:20Z,43040.27,43041.63,43039.16,43040.79,0.322136,4
2025-01-01T00:21:21Z,43040.79,43041.35,43037.40,43038.62,0.720205,13
2025-01-01T00:21:22Z,43038.62,43039.77,43037.70,43038.81,0.621018,17
2025-01-01T00:21:23Z,43038.81,43040.25,43037.17,43038.10,0.806689,7
2025-01-01T00:21:24Z,43038.10,43045.51,43037.07,43045.20,0.198582,11
2025-01-01T00:21:25Z,43045.20,43045.41,43043.33,43043.55,0.272419,18
2025-01-01T00:21:26Z,43043.55,43043.70,43043.01,43043.23,0.440645,2
2025-01-01T00:21:27Z,43043.23,43050.53,43042.33,43048.90,0.749536,15
2025-01-01T00:21:28Z,43048.90,43051.91,43047.33,43051.38,0.378745,2
2025-01-01T00:21:29Z,43051.38,43054.78,43051.05,43054.38,0.131800,5
2025-01-01T00:21:30Z,43054.38,43054.99,43052.15,43052.37,0.412031,9
2025-01-01T00:21:31Z,43052.37,43052.82,43049.74,43050.85,0.216333,9
2025-01-01T00:21:32Z,43050.85,43051.10,43046.78,43047.13,0.428322,7
2025-01-01T00:21:33Z,43047.13,43048.36,43038.77,43039.74,0.476844,6
2025-01-01T00:21:34Z,43039.74,43041.45,43037.17,43037.92,0.175392,3
2025-01-01T00:21:35Z,43037.92,43039.37,43037.77,43038.80,0.296639,8
2025-01-01T00:21:36Z,43038.80,43040.39,43037.25,43037.55,0.487936,16
2025-01-01T00:21:37Z,43037.55,43038.75,43036.95,43038.59,0.400999,9
2025-01-01T00:21:38Z,43038.59,43038.88,43031.16,43032.78,0.318332,18
2025-01-01T00:21:39Z,43032.78,43033.73,43026.60,43028.12,0.299747,9
2025-01-01T00:21:40Z,43028.12,43032.43,43027.90,43032.17,0.248347,2
2025-01-01T00:21:41Z,43032.17,43033.91,43031.07,43032.33,0.222986,20
2025-01-01T00:21:42Z,43032.33,43033.09,43028.33,43028.94,0.354273,14
2025-01-01T00:21:43Z,43028.94,43031.62,43027.70,43030.73,0.589407,3
2025-01-01T00:21:44Z,43030.73,43034.51,43030.57,43033.97,0.403170,1
2025-01-01T00:21:45Z,43033.97,43035.63,43032.02,43032.75,0.378199,16
2025-01-01T00:21:46Z,43032.75,43033.92,43026.52,43027.44,0.176404,18
2025-01-01T00:21:47Z,43027.44,43028.73,43027.01,43027.43,0.391293,20
2025-01-01T00:21:48Z,43027.43,43029.03,43024.05,43025.37,0.559753,12
2025-01-01T00:21:49Z,43025.37,43027.39,43024.48,43025.95,0.720604,13
2025-01-01T00:21:50Z,43025.95,43030.81,43024.78,43030.23,0.566834,16
2025-01-01T00:21:51Z,43030.23,43038.65,43029.86,43038.14,0.590691,7
2025-01-01T00:21:52Z,43038.14,43046.73,43037.25,43045.07,0.350475,4
2025-01-01T00:21:53Z,43045.07,43045.08,43039.78,43041.31,0.242424,4
2025-01-01T00:21:54Z,43041.31,43042.22,43037.61,43039.16,0.152383,1
2025-01-01T00:21:55Z,43039.16,43040.31,43038.03,43040.04,0.249432,10
2025-01-01T00:21:56Z,43040.04,43040.96,43034.70,43035.17,0.346291,14
2025-01-01T00:21:57Z,43035.17,43040.56,43033.65,43040.55,0.450135,10
2025-01-01T00:21:58Z,43040.55,43045.09,43039.00,43043.81,0.255699,16
2025-01-01T00:21:59Z,43043.81,43046.24,43042.12,43044.59,0.193984,16
2025-01-01T00:22:00Z,43044.59,43046.75,43043.28,43046.19,0.709904,13
2025-01-01T00:22:01Z,43046.19,43046.41,43039.27,43040.92,0.490326,12
2025-01-01T00:22:02Z,43040.92,43041.33,43033.79,43034.96,0.527310,10
2025-01-01T00:22:03Z,43034.96,43035.44,43034.73,43034.88,0.313683,17
2025-01-01T00:22:04Z,43034.88,43036.07,43034.42,43035.87,0.616681,14
2025-01-01T00:22:05Z,43035.87,43038.71,43034.66,43038.37,0.895490,17
2025-01-01T00:22:06Z,43038.37,43039.84,43035.50,43036.58,0.261172,13
2025-01-01T00:22:07Z,43036.58,43036.65,43033.37,43035.07,0.698770,20
2025-01-01T00:22:08Z,43035.07,43037.78,43034.17,43037.13,0.242726,2
2025-01-01T00:22:09Z,43037.13,43044.47,43036.02,43043.59,0.292373,9
2025-01-01T00:22:10Z,43043.59,43049.02,43042.05,43048.59,0.450616,10
2025-01-01T00:22:11Z,43048.59,43049.40,43045.04,43046.60,0.241689,16
2025-01-01T00:22:12Z,43046.60,43046.77,43044.58,43044.60,0.507486,11
2025-01-01T00:22:13Z,43044.60,43047.36,43043.21,43046.74,0.610726,20
2025-01-01T00:22:14Z,43046.74,43047.10,43042.54,43043.20,0.466057,19
2025-01-01T00:22:15Z,43043.20,43048.39,43041.68,43046.72,0.515481,15
2025-01-01T00:22:16Z,43046.72,43048.79,43046.13,43047.85,0.147279,2
2025-01-01T00:22:17Z,43047.85,43048.07,43046.43,43047.15,0.398244,12
2025-01-01T00:22:18Z,43047.15,43048.72,43041.76,43041.88,0.133753,17
2025-01-01T00:22:19Z,43041.88,43044.90,43041.59,43043.54,0.364538,17
2025-01-01T00:22:20Z,43043.54,43046.79,43042.88,43045.49,0.548789,9
2025-01-01T00:22:21Z,43045.49,43045.85,43045.03,43045.04,0.427927,1
2025-01-01T00:22:22Z,43045.04,43050.16,43043.82,43049.37,0.379415,8
2025-01-01T00:22:23Z,43049.37,43049.89,43044.64,43045.10,0.241474,18
2025-01-01T00:22:24Z,43045.10,43045.35,43043.57,43045.09,0.607942,2
2025-01-01T00:22:25Z,43045.09,43047.08,43044.66,43045.97,0.667685,1
2025-01-01T00:22:26Z,43045.97,43047.65,43042.43,43042.99,0.291238,20
2025-01-01T00:22:27Z,43042.99,43043.50,43037.29,43038.99,0.232253,9
2025-01-01T00:22:28Z,43038.99,43043.91,43037.30,43042.99,1.091074,4
2025-01-01T00:22:29Z,43042.99,43052.38,43041.80,43051.14,0.615532,20
2025-01-01T00:22:30Z,43051.14,43051.52,43044.57,43045.03,0.529579,13
2025-01-01T00:22:31Z,43045.03,43045.30,43042.55,43042.95,0.500290,16
2025-01-01T00:22:32Z,43042.95,43045.00,43041.47,43044.68,0.217875,6
2025-01-01T00:22:33Z,43044.68,43046.92,43044.64,43045.81,0.258817,13
2025-01-01T00:22:34Z,43045.81,43046.05,43044.14,43044.87,0.329985,13
2025-01-01T00:22:35Z,43044.87,43045.04,43041.83,43042.73,1.013123,20
2025-01-01T00:22:36Z,43042.73,43045.58,43042.71,43045.39,0.555261,1
2025-01-01T00:22:37Z,43045.39,43048.95,43045.21,43047.30,0.499644,3
2025-01-01T00:22:38Z,43047.30,43049.35,43046.53,43048.38,0.238737,5
2025-01-01T00:22:39Z,43048.38,43052.48,43047.44,43052.06,0.237626,1
2025-01-01T00:22:40Z,43052.06,43053.21,43051.18,43052.70,0.514956,8
2025-01-01T00:22:41Z,43052.70,43052.74,43050.45,43051.19,0.152950,8
2025-01-01T00:22:42Z,43051.19,43056.89,43049.95,43055.71,0.724620,4
2025-01-01T00:22:43Z,43055.71,43056.10,43051.51,43053.15,0.300409,11
2025-01-01T00:22:44Z,43053.15,43060.40,43051.61,43058.82,0.410271,17
2025-01-01T00:22:45Z,43058.82,43064.59,43058.50,43064.02,0.201910,10
2025-01-01T00:22:46Z,43064.02,43065.52,43061.46,43061.92,0.367505,9
2025-01-01T00:22:47Z,43061.92,43063.32,43058.61,43059.84,0.447836,13
2025-01-01T00:22:48Z,43059.84,43061.52,43052.54,43053.95,0.206070,9
2025-01-01T00:22:49Z,43053.95,43056.13,43053.39,43055.88,0.286517,16
2025-01-01T00:22:50Z,43055.88,43057.25,43053.98,43054.56,0.777971,8
2025-01-01T00:22:51Z,43054.56,43055.22,43050.19,43051.13,0.392783,18
2025-01-01T00:22:52Z,43051.13,43053.52,43050.41,43052.52,0.457464,8
2025-01-01T00:22:53Z,43052.52,43053.73,43048.97,43049.38,0.205848,5
2025-01-01T00:22:54Z,43049.38,43050.85,43047.09,43048.76,0.587201,8
2025-01-01T00:22:55Z,43048.76,43050.62,43048.52,43050.52,0.330234,14
2025-01-01T00:22:56Z,43050.52,43051.66,43046.60,43046.73,0.194977,3
2025-01-01T00:22:57Z,43046.73,43050.93,43046.71,43050.51,0.598503,6
2025-01-01T00:22:58Z,43050.51,43051.42,43046.93,43048.56,0.335484,15
2025-01-01T00:22:59Z,43048.56,43050.18,43047.37,43048.84,0.296212,2
2025-01-01T00:23:00Z,43048.84,43049.11,43046.38,43047.06,0.103747,15
2025-01-01T00:23:01Z,43047.06,43048.02,43044.25,43045.68,0.757120,8
2025-01-01T00:23:02Z,43045.68,43047.36,43042.91,43043.81,0.192287,8
2025-01-01T00:23:03Z,43043.81,43045.33,43042.40,43044.65,0.347922,13
2025-01-01T00:23:04Z,43044.65,43046.92,43043.54,43045.53,0.274258,3
2025-01-01T00:23:05Z,43045.53,43046.16,43042.28,43043.62,0.305570,6
2025-01-01T00:23:06Z,43043.62,43044.65,43041.01,43042.31,0.255325,2
2025-01-01T00:23:07Z,43042.31,43042.72,43041.75,43041.90,0.391792,16
2025-01-01T00:23:08Z,43041.90,43046.31,43041.88,43044.68,0.309948,13
2025-01-01T00:23:09Z,43044.68,43046.31,43044.14,43045.44,0.318026,5
2025-01-01T00:23:10Z,43045.44,43046.15,43043.63,43044.90,0.177846,13
2025-01-01T00:23:11Z,43044.90,43045.72,43041.83,43043.33,0.435965,3
2025-01-01T00:23:12Z,43043.33,43046.00,43042.15,43045.63,0.123126,17
2025-01-01T00:23:13Z,43045.63,43046.52,43043.56,43044.81,0.195201,11
2025-01-01T00:23:14Z,43044.81,43046.43,43043.44,43043.51,0.654084,8
2025-01-01T00:23:15Z,43043.51,43048.44,43042.46,43048.08,0.457557,1
2025-01-01T00:23:16Z,43048.08,43053.28,43046.41,43052.34,0.479250,4
2025-01-01T00:23:17Z,43052.34,43058.48,43052.05,43057.69,0.304786,19
2025-01-01T00:23:18Z,43057.69,43058.00,43055.30,43056.63,0.248038,9
2025-01-01T00:23:19Z,43056.63,43058.99,43055.87,43057.67,0.811084,12
2025-01-01T00:23:20Z,43057.67,43061.27,43056.09,43059.79,0.222564,20
2025-01-01T00:23:21Z,43059.79,43061.43,43056.36,43057.01,0.504761,9
2025-01-01T00:23:22Z,43057.01,43064.61,43055.32,43064.53,0.543408,5
2025-01-01T00:23:23Z,43064.53,43066.00,43056.56,43057.06,0.225813,3
2025-01-01T00:23:24Z,43057.06,43059.31,43056.46,43058.16,0.347100,15
2025-01-01T00:23:25Z,43058.16,43065.17,43057.85,43064.99,0.314763,13
2025-01-01T00:23:26Z,43064.99,43066.70,43062.63,43063.47,0.512364,9
2025-01-01T00:23:27Z,43063.47,43066.82,43062.53,43066.03,0.208213,20
2025-01-01T00:23:28Z,43066.03,43067.53,43064.67,43066.14,0.540319,9
2025-01-01T00:23:29Z,43066.14,43067.23,43064.68,43064.83,0.197694,10
2025-01-01T00:23:30Z,43064.83,43068.11,43064.46,43067.39,0.556121,2
2025-01-01T00:23:31Z,43067.39,43067.55,43063.06,43064.61,0.212457,6
2025-01-01T00:23:32Z,43064.61,43067.97,43063.69,43067.14,0.197819,19
2025-01-01T00:23:33Z,43067.14,43075.52,43067.12,43074.85,0.672130,3
2025-01-01T00:23:34Z,43074.85,43075.09,43072.84,43073.99,1.045605,11
2025-01-01T00:23:35Z,43073.99,43074.01,43067.89,43069.44,0.773682,11
2025-01-01T00:23:36Z,43069.44,43076.95,43068.54,43076.25,0.509782,15
2025-01-01T00:23:37Z,43076.25,43083.24,43075.25,43082.14,0.152194,6
2025-01-01T00:23:38Z,43082.14,43082.50,43079.78,43080.11,0.308842,10
2025-01-01T00:23:39Z,43080.11,43081.66,43077.74,43078.60,1.050337,15
2025-01-01T00:23:40Z,43078.60,43080.03,43075.03,43075.76,0.678582,6
2025-01-01T00:23:41Z,43075.76,43078.12,43075.12,43077.33,0.388307,14
2025-01-01T00:23:42Z,43077.33,43078.51,43071.59,43072.35,0.225428,4
2025-01-01T00:23:43Z,43072.35,43078.48,43070.96,43076.77,0.139468,20
2025-01-01T00:23:44Z,43076.77,43079.44,43075.69,43078.15,0.408486,17
2025-01-01T00:23:45Z,43078.15,43079.15,43077.34,43077.40,0.269536,8
2025-01-01T00:23:46Z,43077.40,43078.25,43075.93,43078.05,0.667061,15
2025-01-01T00:23:47Z,43078.05,43078.76,43072.25,43073.66,0.722864,1
2025-01-01T00:23:48Z,43073.66,43080.04,43073.20,43079.16,0.447769,14
2025-01-01T00:23:49Z,43079.16,43080.32,43076.84,43076.85,0.675465,20
2025-01-01T00:23:50Z,43076.85,43077.83,43075.16,43075.90,0.397944,20
2025-01-01T00:23:51Z,43075.90,43078.84,43074.47,43077.73,0.678602,5
2025-01-01T00:23:52Z,43077.73,43082.08,43077.04,43080.83,0.305631,8
2025-01-01T00:23:53Z,43080.83,43081.00,43078.09,43079.47,0.371542,13
2025-01-01T00:23:54Z,43079.47,43082.50,43078.51,43082.05,0.197869,19
2025-01-01T00:23:55Z,43082.05,43082.32,43076.86,43077.93,1.429415,19
2025-01-01T00:23:56Z,43077.93,43078.15,43072.87,43073.65,0.438555,8
2025-01-01T00:23:57Z,43073.65,43078.51,43073.27,43077.38,1.006345,13
2025-01-01T00:23:58Z,43077.38,43078.42,43075.77,43077.94,0.497723,19
2025-01-01T00:23:59Z,43077.94,43079.44,43072.65,43072.84,0.242614,6
2025-01-01T00:24:00Z,43072.84,43076.74,43071.40,43076.12,0.306041,1
2025-01-01T00:24:01Z,43076.12,43078.96,43075.28,43078.25,0.421690,14
2025-01-01T00:24:02Z,43078.25,43079.81,43074.65,43076.04,0.194569,20
2025-01-01T00:24:03Z,43076.04,43079.54,43075.84,43078.07,0.299269,20
2025-01-01T00:24:04Z,43078.07,43078.97,43077.26,43077.70,0.161371,18
2025-01-01T00:24:05Z,43077.70,43077.74,43076.53,43077.41,0.241238,11
2025-01-01T00:24:06Z,43077.41,43079.45,43077.20,43078.25,0.288678,3
2025-01-01T00:24:07Z,43078.25,43079.87,43077.30,43079.27,0.184080,16
2025-01-01T00:24:08Z,43079.27,43080.86,43071.08,43071.51,0.402539,7
2025-01-01T00:24:09Z,43071.51,43076.33,43070.67,43074.69,0.650432,9
2025-01-01T00:24:10Z,43074.69,43077.58,43073.95,43076.54,0.403328,3
2025-01-01T00:24:11Z,43076.54,43077.31,43070.51,43072.04,0.622550,14
2025-01-01T00:24:12Z,43072.04,43073.16,43068.56,43070.22,0.322826,6
2025-01-01T00:24:13Z,43070.22,43077.74,43069.48,43076.35,0.257436,7
2025-01-01T00:24:14Z,43076.35,43077.69,43074.22,43074.43,0.279552,11
2025-01-01T00:24:15Z,43074.43,43075.97,43070.60,43071.57,0.287524,17
2025-01-01T00:24:16Z,43071.57,43073.62,43069.94,43072.38,0.820664,19
2025-01-01T00:24:17Z,43072.38,43078.16,43071.65,43076.63,0.507696,11
2025-01-01T00:24:18Z,43076.63,43077.74,43076.54,43076.89,0.295319,15
2025-01-01T00:24:19Z,43076.89,43078.14,43076.33,43077.85,0.290192,10
2025-01-01T00:24:20Z,43077.85,43084.75,43077.84,43083.75,0.354256,13
2025-01-01T00:24:21Z,43083.75,43084.41,43082.83,43084.34,0.381218,1
2025-01-01T00:24:22Z,43084.34,43087.04,43083.10,43085.65,0.167848,13
2025-01-01T00:24:23Z,43085.65,43086.36,43084.32,43086.22,0.365838,10
2025-01-01T00:24:24Z,43086.22,43087.68,43083.22,43084.88,0.219002,20
2025-01-01T00:24:25Z,43084.88,43085.06,43080.83,43081.22,0.508715,11
2025-01-01T00:24:26Z,43081.22,43085.08,43081.06,43084.69,1.024336,18
2025-01-01T00:24:27Z,43084.69,43086.40,43078.77,43080.38,0.563494,2
2025-01-01T00:24:28Z,43080.38,43086.84,43079.81,43086.71,0.616168,9
2025-01-01T00:24:29Z,43086.71,43093.19,43085.11,43091.98,0.399052,11
2025-01-01T00:24:30Z,43091.98,43097.16,43090.32,43095.62,0.321603,4
2025-01-01T00:24:31Z,43095.62,43096.52,43090.73,43091.14,0.354470,9
2025-01-01T00:24:32Z,43091.14,43091.53,43088.16,43088.62,0.304051,18
2025-01-01T00:24:33Z,43088.62,43095.00,43088.20,43093.56,0.883030,3
2025-01-01T00:24:34Z,43093.56,43097.43,43092.40,43097.06,0.351894,16
2025-01-01T00:24:35Z,43097.06,43098.99,43096.70,43098.81,0.433607,11
2025-01-01T00:24:36Z,43098.81,43099.70,43098.54,43098.92,0.384836,8
2025-01-01T00:24:37Z,43098.92,43100.50,43095.20,43095.86,0.330381,7
2025-01-01T00:24:38Z,43095.86,43096.67,43095.58,43096.20,0.103226,4
2025-01-01T00:24:39Z,43096.20,43096.45,43092.42,43093.93,0.485173,15
2025-01-01T00:24:40Z,43093.93,43095.30,43093.15,43094.16,0.196412,5
2025-01-01T00:24:41Z,43094.16,43095.53,43093.42,43094.84,0.284997,12
2025-01-01T00:24:42Z,43094.84,43100.10,43094.12,43098.83,0.273674,20
2025-01-01T00:24:43Z,43098.83,43102.10,43097.79,43101.63,0.374534,2
2025-01-01T00:24:44Z,43101.63,43102.00,43096.17,43096.26,0.213796,3
2025-01-01T00:24:45Z,43096.26,43097.18,43088.77,43089.25,1.096540,13
2025-01-01T00:24:46Z,43089.25,43090.51,43086.41,43087.92,0.286433,7
2025-01-01T00:24:47Z,43087.92,43089.44,43087.43,43088.84,0.501798,4
2025-01-01T00:24:48Z,43088.84,43092.82,43087.57,43091.74,0.969558,6
2025-01-01T00:24:49Z,43091.74,43099.11,43091.62,43098.57,0.356039,6
2025-01-01T00:24:50Z,43098.57,43105.81,43097.26,43105.51,0.192220,16
2025-01-01T00:24:51Z,43105.51,43106.52,43103.45,43104.29,0.288466,1
2025-01-01T00:24:52Z,43104.29,43105.73,43093.71,43094.62,0.263319,4
2025-01-01T00:24:53Z,43094.62,43094.79,43088.84,43090.22,0.278947,12
2025-01-01T00:24:54Z,43090.22,43093.63,43089.59,43092.79,0.193104,11
2025-01-01T00:24:55Z,43092.79,43094.33,43091.20,43092.54,0.403557,17
2025-01-01T00:24:56Z,43092.54,43094.23,43090.88,43092.36,0.431389,16
2025-01-01T00:24:57Z,43092.36,43092.41,43090.58,43091.58,0.494124,7
2025-01-01T00:24:58Z,43091.58,43093.22,43090.31,43091.42,0.129552,17
2025-01-01T00:24:59Z,43091.42,43091.72,43087.50,43089.07,0.303049,19
2025-01-01T00:25:00Z,43089.07,43089.60,43079.36,43079.43,0.377654,20
2025-01-01T00:25:01Z,43079.43,43085.03,43078.06,43084.82,0.484617,12
2025-01-01T00:25:02Z,43084.82,43085.67,43081.38,43082.56,0.355582,10
2025-01-01T00:25:03Z,43082.56,43092.39,43081.41,43091.32,0.290358,10
2025-01-01T00:25:04Z,43091.32,43092.71,43090.29,43092.23,0.211803,14
2025-01-01T00:25:05Z,43092.23,43092.85,43090.79,43092.24,0.383361,18
2025-01-01T00:25:06Z,43092.24,43093.45,43090.52,43092.98,0.196484,3
2025-01-01T00:25:07Z,43092.98,43094.61,43092.92,43094.11,0.603085,13
2025-01-01T00:25:08Z,43094.11,43094.28,43085.62,43086.07,0.287545,19
2025-01-01T00:25:09Z,43086.07,43090.95,43084.56,43090.20,0.498226,7
2025-01-01T00:25:10Z,43090.20,43090.54,43089.59,43090.11,0.353171,14
2025-01-01T00:25:11Z,43090.11,43093.78,43089.21,43093.61,0.514583,12
2025-01-01T00:25:12Z,43093.61,43094.33,43089.25,43089.96,0.724451,5
2025-01-01T00:25:13Z,43089.96,43091.66,43089.44,43090.59,0.233974,5
2025-01-01T00:25:14Z,43090.59,43092.11,43085.06,43085.15,0.516165,1
2025-01-01T00:25:15Z,43085.15,43085.95,43078.66,43079.98,0.404971,3
2025-01-01T00:25:16Z,43079.98,43087.12,43079.40,43086.00,0.226098,16
2025-01-01T00:25:17Z,43086.00,43089.30,43084.51,43088.11,0.168348,17
2025-01-01T00:25:18Z,43088.11,43088.46,43087.70,43087.95,0.553561,8
2025-01-01T00:25:19Z,43087.95,43089.49,43085.63,43086.74,0.165872,1
2025-01-01T00:25:20Z,43086.74,43088.65,43086.62,43088.30,0.376283,4
2025-01-01T00:25:21Z,43088.30,43089.12,43082.26,43083.70,0.349577,4
2025-01-01T00:25:22Z,43083.70,43084.01,43081.99,43082.39,0.550578,20
2025-01-01T00:25:23Z,43082.39,43087.26,43080.91,43086.08,0.439129,1
2025-01-01T00:25:24Z,43086.08,43089.67,43085.79,43088.54,0.581162,16
2025-01-01T00:25:25Z,43088.54,43095.13,43088.04,43094.30,0.159727,12
2025-01-01T00:25:26Z,43094.30,43095.50,43092.34,43092.52,0.324998,1
2025-01-01T00:25:27Z,43092.52,43093.01,43089.25,43089.46,0.293433,2
2025-01-01T00:25:28Z,43089.46,43090.52,43084.84,43084.91,0.333070,9
2025-01-01T00:25:29Z,43084.91,43084.93,43078.80,43079.07,0.369332,7
2025-01-01T00:25:30Z,43079.07,43079.74,43075.74,43075.85,0.452191,19
2025-01-01T00:25:31Z,43075.85,43080.74,43074.62,43080.16,0.517248,10
2025-01-01T00:25:32Z,43080.16,43082.67,43079.32,43081.23,0.143628,17
2025-01-01T00:25:33Z,43081.23,43082.56,43079.64,43080.55,0.229863,19
2025-01-01T00:25:34Z,43080.55,43081.24,43077.63,43077.71,0.526831,4
2025-01-01T00:25:35Z,43077.71,43082.67,43076.85,43081.53,0.461822,8
2025-01-01T00:25:36Z,43081.53,43088.93,43081.12,43087.67,0.557199,13
2025-01-01T00:25:37Z,43087.67,43088.97,43086.13,43086.86,0.140461,4
2025-01-01T00:25:38Z,43086.86,43093.12,43086.21,43092.36,0.413143,6
2025-01-01T00:25:39Z,43092.36,43094.17,43091.16,43093.62,0.398153,9
2025-01-01T00:25:40Z,43093.62,43094.01,43087.07,43088.35,0.326292,7
2025-01-01T00:25:41Z,43088.35,43088.71,43088.31,43088.57,0.566830,11
2025-01-01T00:25:42Z,43088.57,43092.26,43087.46,43090.69,0.360749,19
2025-01-01T00:25:43Z,43090.69,43097.16,43089.83,43095.74,0.107742,5
2025-01-01T00:25:44Z,43095.74,43097.92,43094.23,43096.84,0.393750,17
2025-01-01T00:25:45Z,43096.84,43097.35,43093.05,43093.25,0.205991,11
2025-01-01T00:25:46Z,43093.25,43100.01,43091.82,43099.51,0.317786,6
2025-01-01T00:25:47Z,43099.51,43102.00,43099.38,43100.33,0.571378,20
2025-01-01T00:25:48Z,43100.33,43100.43,43095.57,43096.77,0.195747,9
2025-01-01T00:25:49Z,43096.77,43097.90,43096.64,43096.69,0.338131,2
2025-01-01T00:25:50Z,43096.69,43100.66,43095.10,43099.40,1.162928,8
2025-01-01T00:25:51Z,43099.40,43103.50,43098.01,43102.65,0.423351,2
2025-01-01T00:25:52Z,43102.65,43103.37,43100.55,43101.83,0.360264,2
2025-01-01T00:25:53Z,43101.83,43103.02,43100.97,43102.84,0.255963,16
2025-01-01T00:25:54Z,43102.84,43104.51,43100.51,43100.55,0.652694,13
2025-01-01T00:25:55Z,43100.55,43107.99,43099.28,43106.81,0.385778,13
2025-01-01T00:25:56Z,43106.81,43107.55,43105.27,43105.51,0.219270,12
2025-01-01T00:25:57Z,43105.51,43106.11,43101.40,43101.99,0.589026,3
2025-01-01T00:25:58Z,43101.99,43103.28,43098.28,43099.81,0.658491,1
2025-01-01T00:25:59Z,43099.81,43101.32,43098.00,43098.43,0.341822,11
2025-01-01T00:26:00Z,43098.43,43098.85,43094.90,43095.40,0.438069,4
2025-01-01T00:26:01Z,43095.40,43100.53,43095.27,43099.40,0.590664,12
2025-01-01T00:26:02Z,43099.40,43105.55,43098.88,43104.79,0.285236,8
2025-01-01T00:26:03Z,43104.79,43105.69,43100.16,43100.62,0.517698,2
2025-01-01T00:26:04Z,43100.62,43102.26,43097.68,43098.52,0.678004,10
2025-01-01T00:26:05Z,43098.52,43102.64,43098.16,43101.36,0.202682,5
2025-01-01T00:26:06Z,43101.36,43104.50,43100.04,43103.74,0.546266,19
2025-01-01T00:26:07Z,43103.74,43104.89,43102.32,43104.23,0.224386,20
2025-01-01T00:26:08Z,43104.23,43104.89,43102.89,43103.66,0.251375,14
2025-01-01T00:26:09Z,43103.66,43104.95,43102.52,43104.03,0.511119,9
2025-01-01T00:26:10Z,43104.03,43106.96,43103.44,43105.66,0.605939,14
2025-01-01T00:26:11Z,43105.66,43107.01,43099.70,43101.30,1.132099,18
2025-01-01T00:26:12Z,43101.30,43102.47,43095.54,43097.02,0.741000,19
2025-01-01T00:26:13Z,43097.02,43101.75,43095.69,43100.51,0.203386,9
2025-01-01T00:26:14Z,43100.51,43103.62,43099.93,43102.68,0.290789,12
2025-01-01T00:26:15Z,43102.68,43104.41,43102.25,43103.95,0.653523,1
2025-01-01T00:26:16Z,43103.95,43107.60,43103.49,43107.05,0.220287,15
2025-01-01T00:26:17Z,43107.05,43110.14,43106.98,43110.12,0.263285,18
2025-01-01T00:26:18Z,43110.12,43111.91,43109.64,43110.29,0.422299,3
2025-01-01T00:26:19Z,43110.29,43112.15,43109.84,43111.39,0.512815,16
2025-01-01T00:26:20Z,43111.39,43114.96,43110.32,43114.71,0.768127,2
2025-01-01T00:26:21Z,43114.71,43119.08,43114.31,43118.12,0.381484,8
2025-01-01T00:26:22Z,43118.12,43118.89,43116.36,43117.24,0.263256,12
2025-01-01T00:26:23Z,43117.24,43119.72,43116.06,43118.29,0.193781,10
2025-01-01T00:26:24Z,43118.29,43121.48,43117.71,43120.12,0.293343,16
2025-01-01T00:26:25Z,43120.12,43124.08,43119.62,43122.45,0.194635,10
2025-01-01T00:26:26Z,43122.45,43129.31,43121.40,43129.27,0.631349,17
2025-01-01T00:26:27Z,43129.27,43130.62,43124.74,43125.97,0.675377,19
2025-01-01T00:26:28Z,43125.97,43131.99,43124.25,43131.33,0.595572,17
2025-01-01T00:26:29Z,43131.33,43134.11,43130.25,43132.39,0.568515,4
2025-01-01T00:26:30Z,43132.39,43134.84,43131.58,43134.75,0.381943,9
2025-01-01T00:26:31Z,43134.75,43135.09,43130.23,43131.22,0.622033,12
2025-01-01T00:26:32Z,43131.22,43133.19,43130.03,43131.51,0.120906,14
2025-01-01T00:26:33Z,43131.51,43135.04,43130.90,43134.42,0.389344,16
2025-01-01T00:26:34Z,43134.42,43135.14,43130.39,43131.38,0.506845,18
2025-01-01T00:26:35Z,43131.38,43131.80,43127.42,43128.99,0.575221,20
2025-01-01T00:26:36Z,43128.99,43129.53,43128.60,43128.74,0.439322,7
2025-01-01T00:26:37Z,43128.74,43133.05,43127.23,43131.50,0.233243,16
2025-01-01T00:26:38Z,43131.50,43131.56,43130.60,43131.35,0.298494,18
2025-01-01T00:26:39Z,43131.35,43131.76,43128.98,43129.48,0.165533,11
2025-01-01T00:26:40Z,43129.48,43131.20,43125.33,43125.40,0.505343,15
2025-01-01T00:26:41Z,43125.40,43126.98,43121.65,43122.74,0.530394,16
2025-01-01T00:26:42Z,43122.74,43123.99,43119.92,43120.94,0.643807,5
2025-01-01T00:26:43Z,43120.94,43122.48,43114.51,43115.53,0.267572,13
2025-01-01T00:26:44Z,43115.53,43116.78,43114.06,43114.54,0.499084,16
2025-01-01T00:26:45Z,43114.54,43117.00,43113.57,43116.42,0.827849,14
2025-01-01T00:26:46Z,43116.42,43117.72,43113.96,43115.60,0.338730,20
2025-01-01T00:26:47Z,43115.60,43119.39,43115.00,43118.85,0.245912,16
2025-01-01T00:26:48Z,43118.85,43119.34,43110.54,43112.12,0.249514,17
2025-01-01T00:26:49Z,43112.12,43116.04,43112.07,43114.74,0.436034,1
2025-01-01T00:26:50Z,43114.74,43115.38,43107.79,43108.28,0.718838,15
2025-01-01T00:26:51Z,43108.28,43109.57,43106.84,43108.68,0.301934,4
2025-01-01T00:26:52Z,43108.68,43109.13,43103.67,43105.16,0.221121,3
2025-01-01T00:26:53Z,43105.16,43107.63,43104.78,43106.35,0.284099,17
2025-01-01T00:26:54Z,43106.35,43107.53,43104.11,43105.64,0.531270,7
2025-01-01T00:26:55Z,43105.64,43107.09,43103.24,43104.38,0.223280,8
2025-01-01T00:26:56Z,43104.38,43104.64,43101.66,43103.06,0.486391,7
2025-01-01T00:26:57Z,43103.06,43104.16,43100.44,43100.59,0.386952,7
2025-01-01T00:26:58Z,43100.59,43102.78,43100.23,43101.81,0.228886,9
2025-01-01T00:26:59Z,43101.81,43102.87,43100.68,43101.77,0.259401,17
2025-01-01T00:27:00Z,43101.77,43102.29,43100.11,43100.51,0.260205,13
2025-01-01T00:27:01Z,43100.51,43101.54,43097.69,43098.63,0.293854,10
2025-01-01T00:27:02Z,43098.63,43099.06,43094.55,43095.28,0.454373,13
2025-01-01T00:27:03Z,43095.28,43098.24,43093.94,43097.03,0.342519,16
2025-01-01T00:27:04Z,43097.03,43097.08,43092.27,43092.73,0.307800,11
2025-01-01T00:27:05Z,43092.73,43093.18,43089.00,43089.55,0.311312,13
2025-01-01T00:27:06Z,43089.55,43090.38,43089.03,43089.40,0.415810,15
2025-01-01T00:27:07Z,43089.40,43091.20,43088.42,43090.49,0.256575,4
2025-01-01T00:27:08Z,43090.49,43095.49,43089.45,43094.93,0.489257,11
2025-01-01T00:27:09Z,43094.93,43096.50,43092.01,43093.33,0.419573,17
2025-01-01T00:27:10Z,43093.33,43096.02,43091.89,43094.32,0.267783,10
2025-01-01T00:27:11Z,43094.32,43099.77,43092.75,43098.39,0.305972,8
2025-01-01T00:27:12Z,43098.39,43099.23,43096.77,43099.20,0.208818,16
2025-01-01T00:27:13Z,43099.20,43099.27,43098.30,43098.79,0.434725,4
2025-01-01T00:27:14Z,43098.79,43100.71,43097.38,43100.02,0.176737,14
2025-01-01T00:27:15Z,43100.02,43100.05,43095.58,43096.86,0.572026,4
2025-01-01T00:27:16Z,43096.86,43097.19,43095.21,43096.25,0.289902,17
2025-01-01T00:27:17Z,43096.25,43097.53,43089.57,43090.10,0.353755,19
2025-01-01T00:27:18Z,43090.10,43090.26,43085.55,43087.22,0.407086,18
2025-01-01T00:27:19Z,43087.22,43088.54,43086.56,43087.67,0.514808,19
2025-01-01T00:27:20Z,43087.67,43091.43,43087.03,43091.03,0.428126,11
2025-01-01T00:27:21Z,43091.03,43091.28,43089.34,43090.43,0.163111,7
2025-01-01T00:27:22Z,43090.43,43093.44,43090.19,43093.01,0.444763,19
2025-01-01T00:27:23Z,43093.01,43094.32,43089.84,43089.94,0.364365,11
2025-01-01T00:27:24Z,43089.94,43091.54,43088.91,43090.36,0.568547,7
2025-01-01T00:27:25Z,43090.36,43091.66,43088.11,43089.48,0.389427,8
2025-01-01T00:27:26Z,43089.48,43090.37,43085.58,43087.06,0.237257,6
2025-01-01T00:27:27Z,43087.06,43092.77,43086.85,43091.87,0.363837,17
2025-01-01T00:27:28Z,43091.87,43092.81,43085.41,43086.10,0.270137,10
2025-01-01T00:27:29Z,43086.10,43087.74,43084.58,43086.50,0.275341,12
2025-01-01T00:27:30Z,43086.50,43087.00,43083.34,43084.52,0.278249,16
2025-01-01T00:27:31Z,43084.52,43085.32,43082.04,43083.65,0.521829,17
2025-01-01T00:27:32Z,43083.65,43084.20,43082.43,43082.74,0.276741,15
2025-01-01T00:27:33Z,43082.74,43083.31,43078.77,43078.87,0.356353,12
2025-01-01T00:27:34Z,43078.87,43079.47,43074.11,43074.13,0.254536,14
2025-01-01T00:27:35Z,43074.13,43075.14,43068.15,43068.67,0.439975,9
2025-01-01T00:27:36Z,43068.67,43069.02,43063.02,43064.04,0.238205,6
2025-01-01T00:27:37Z,43064.04,43064.49,43061.95,43062.13,0.681865,13
2025-01-01T00:27:38Z,43062.13,43063.15,43058.74,43059.21,0.484065,6
2025-01-01T00:27:39Z,43059.21,43064.35,43058.81,43064.34,0.412743,16
2025-01-01T00:27:40Z,43064.34,43067.97,43064.25,43066.43,0.374531,16
2025-01-01T00:27:41Z,43066.43,43066.99,43063.35,43064.21,0.174416,13
2025-01-01T00:27:42Z,43064.21,43065.57,43062.77,43064.96,0.310270,20
2025-01-01T00:27:43Z,43064.96,43066.41,43057.93,43059.57,1.141295,18
2025-01-01T00:27:44Z,43059.57,43060.01,43054.35,43054.56,0.985713,6
2025-01-01T00:27:45Z,43054.56,43056.45,43053.93,43056.41,0.336826,14
2025-01-01T00:27:46Z,43056.41,43059.06,43054.79,43057.34,0.325365,1
2025-01-01T00:27:47Z,43057.34,43061.92,43056.72,43061.59,0.195451,11
2025-01-01T00:27:48Z,43061.59,43064.71,43060.00,43064.27,0.404447,9
2025-01-01T00:27:49Z,43064.27,43067.16,43063.59,43066.06,0.299553,19
2025-01-01T00:27:50Z,43066.06,43070.65,43064.34,43069.06,0.459574,16
2025-01-01T00:27:51Z,43069.06,43070.35,43061.73,43062.85,0.384288,12
2025-01-01T00:27:52Z,43062.85,43070.24,43061.58,43069.97,0.530673,14
2025-01-01T00:27:53Z,43069.97,43072.67,43069.77,43071.23,0.311045,11
2025-01-01T00:27:54Z,43071.23,43076.41,43070.90,43074.71,0.406345,11
2025-01-01T00:27:55Z,43074.71,43078.69,43074.42,43077.14,0.327467,13
2025-01-01T00:27:56Z,43077.14,43077.24,43072.33,43072.66,0.478505,9
2025-01-01T00:27:57Z,43072.66,43075.31,43071.89,43075.17,0.289301,17
2025-01-01T00:27:58Z,43075.17,43076.62,43069.37,43070.99,0.254464,4
2025-01-01T00:27:59Z,43070.99,43074.17,43070.02,43073.58,0.542332,15
2025-01-01T00:28:00Z,43073.58,43080.40,43073.43,43080.08,0.241893,1
2025-01-01T00:28:01Z,43080.08,43085.40,43078.72,43084.08,0.249728,3
2025-01-01T00:28:02Z,43084.08,43090.48,43082.91,43089.95,0.827235,10
2025-01-01T00:28:03Z,43089.95,43090.04,43082.92,43084.14,0.266783,11
2025-01-01T00:28:04Z,43084.14,43084.61,43078.13,43078.47,0.347467,12
2025-01-01T00:28:05Z,43078.47,43082.78,43077.87,43081.78,0.458890,6
2025-01-01T00:28:06Z,43081.78,43088.76,43080.86,43088.10,0.159877,12
2025-01-01T00:28:07Z,43088.10,43090.66,43086.92,43089.54,0.279280,17
2025-01-01T00:28:08Z,43089.54,43090.01,43083.22,43084.10,0.267829,9
2025-01-01T00:28:09Z,43084.10,43084.16,43082.04,43082.24,0.434714,5
2025-01-01T00:28:10Z,43082.24,43083.21,43078.07,43079.21,0.611370,4
2025-01-01T00:28:11Z,43079.21,43080.86,43077.71,43079.78,0.177366,11
2025-01-01T00:28:12Z,43079.78,43080.10,43075.25,43075.87,0.194313,1
2025-01-01T00:28:13Z,43075.87,43082.94,43074.81,43082.19,0.478419,13
2025-01-01T00:28:14Z,43082.19,43083.43,43078.56,43079.59,0.358802,2
2025-01-01T00:28:15Z,43079.59,43081.64,43078.08,43079.97,0.371693,9
2025-01-01T00:28:16Z,43079.97,43083.31,43079.09,43083.26,0.471553,11
2025-01-01T00:28:17Z,43083.26,43084.62,43082.12,43082.22,0.229852,13
2025-01-01T00:28:18Z,43082.22,43082.49,43080.69,43082.24,0.305639,8
2025-01-01T00:28:19Z,43082.24,43083.79,43081.49,43082.31,0.461759,18
2025-01-01T00:28:20Z,43082.31,43084.97,43081.72,43084.15,0.339607,7
2025-01-01T00:28:21Z,43084.15,43085.72,43080.19,43081.35,0.967987,4
2025-01-01T00:28:22Z,43081.35,43082.96,43078.31,43079.00,0.299127,14
2025-01-01T00:28:23Z,43079.00,43081.94,43078.08,43080.91,0.247119,19
2025-01-01T00:28:24Z,43080.91,43088.24,43080.50,43087.94,0.290268,1
2025-01-01T00:28:25Z,43087.94,43090.15,43086.64,43089.09,1.003375,5
2025-01-01T00:28:26Z,43089.09,43089.61,43087.85,43088.01,0.325871,5
2025-01-01T00:28:27Z,43088.01,43088.50,43087.29,43087.96,0.726245,6
2025-01-01T00:28:28Z,43087.96,43088.14,43083.19,43084.57,0.224650,13
2025-01-01T00:28:29Z,43084.57,43088.40,43084.55,43087.01,0.255385,13
2025-01-01T00:28:30Z,43087.01,43088.14,43085.60,43086.76,0.342889,14
2025-01-01T00:28:31Z,43086.76,43087.20,43085.13,43086.23,0.576902,15
2025-01-01T00:28:32Z,43086.23,43087.45,43078.72,43080.17,0.228021,13
2025-01-01T00:28:33Z,43080.17,43081.67,43079.91,43080.05,0.467617,17
2025-01-01T00:28:34Z,43080.05,43082.92,43079.96,43082.14,0.297261,16
2025-01-01T00:28:35Z,43082.14,43082.93,43076.88,43076.96,0.421088,14
2025-01-01T00:28:36Z,43076.96,43078.37,43074.47,43075.41,0.239668,1
2025-01-01T00:28:37Z,43075.41,43078.59,43074.90,43077.83,0.562355,13
2025-01-01T00:28:38Z,43077.83,43077.99,43076.54,43077.79,0.449514,9
2025-01-01T00:28:39Z,43077.79,43079.79,43077.00,43079.19,1.268847,17
2025-01-01T00:28:40Z,43079.19,43079.75,43078.18,43078.25,0.516655,4
2025-01-01T00:28:41Z,43078.25,43078.90,43076.09,43077.78,0.532729,1
2025-01-01T00:28:42Z,43077.78,43081.29,43076.50,43080.04,0.456180,8
2025-01-01T00:28:43Z,43080.04,43086.42,43079.96,43085.22,0.398581,14
2025-01-01T00:28:44Z,43085.22,43085.54,43083.50,43084.36,0.192439,6
2025-01-01T00:28:45Z,43084.36,43090.69,43083.89,43089.52,0.339211,14
2025-01-01T00:28:46Z,43089.52,43090.32,43086.60,43087.96,0.418165,8
2025-01-01T00:28:47Z,43087.96,43087.99,43085.05,43085.61,0.217519,20
2025-01-01T00:28:48Z,43085.61,43088.79,43085.04,43087.70,0.094683,1
2025-01-01T00:28:49Z,43087.70,43088.29,43083.04,43083.59,0.509797,16
2025-01-01T00:28:50Z,43083.59,43086.02,43083.15,43084.86,0.398657,7
2025-01-01T00:28:51Z,43084.86,43091.27,43083.94,43089.98,0.187366,15
2025-01-01T00:28:52Z,43089.98,43091.06,43089.27,43089.56,0.294087,1
2025-01-01T00:28:53Z,43089.56,43090.85,43088.27,43088.76,0.291899,13
2025-01-01T00:28:54Z,43088.76,43088.93,43083.10,43083.48,0.265052,13
2025-01-01T00:28:55Z,43083.48,43084.42,43078.64,43079.25,0.160985,4
2025-01-01T00:28:56Z,43079.25,43080.34,43075.42,43076.52,0.369438,8
2025-01-01T00:28:57Z,43076.52,43078.00,43071.11,43071.97,0.307883,15
2025-01-01T00:28:58Z,43071.97,43076.48,43071.96,43075.79,1.213542,6
2025-01-01T00:28:59Z,43075.79,43082.77,43075.62,43081.59,0.414020,14
2025-01-01T00:29:00Z,43081.59,43082.66,43077.17,43077.41,0.506037,1
2025-01-01T00:29:01Z,43077.41,43080.55,43076.98,43079.99,0.411714,3
2025-01-01T00:29:02Z,43079.99,43081.69,43078.63,43080.66,0.302933,7
2025-01-01T00:29:03Z,43080.66,43082.12,43080.12,43080.40,0.150170,6
2025-01-01T00:29:04Z,43080.40,43080.74,43074.77,43075.00,0.416064,20
2025-01-01T00:29:05Z,43075.00,43076.67,43074.58,43075.91,0.219895,4
2025-01-01T00:29:06Z,43075.91,43079.54,43074.34,43078.04,0.167403,3
2025-01-01T00:29:07Z,43078.04,43078.05,43071.75,43071.80,1.151713,16
2025-01-01T00:29:08Z,43071.80,43073.33,43071.35,43072.62,0.454187,20
2025-01-01T00:29:09Z,43072.62,43073.73,43070.66,43071.58,0.167484,2
2025-01-01T00:29:10Z,43071.58,43072.99,43069.29,43070.61,0.243275,17
2025-01-01T00:29:11Z,43070.61,43075.01,43069.85,43073.92,0.484345,9
2025-01-01T00:29:12Z,43073.92,43075.48,43072.68,43074.11,0.263556,5
2025-01-01T00:29:13Z,43074.11,43075.68,43068.17,43069.54,0.279311,3
2025-01-01T00:29:14Z,43069.54,43070.84,43062.97,43064.28,0.238157,11
2025-01-01T00:29:15Z,43064.28,43067.00,43063.07,43065.65,0.424988,5
2025-01-01T00:29:16Z,43065.65,43067.69,43065.01,43067.31,0.311570,6
2025-01-01T00:29:17Z,43067.31,43070.53,43066.78,43069.55,0.643657,5
2025-01-01T00:29:18Z,43069.55,43069.80,43068.80,43069.31,0.279881,1
2025-01-01T00:29:19Z,43069.31,43070.77,43062.96,43063.97,0.290222,17
2025-01-01T00:29:20Z,43063.97,43064.26,43059.37,43059.96,0.285189,16
2025-01-01T00:29:21Z,43059.96,43063.71,43058.46,43062.59,0.357066,13
2025-01-01T00:29:22Z,43062.59,43071.47,43062.06,43070.88,0.265093,4
2025-01-01T00:29:23Z,43070.88,43072.71,43070.26,43071.59,0.246672,1
2025-01-01T00:29:24Z,43071.59,43076.47,43070.69,43075.12,0.274675,2
2025-01-01T00:29:25Z,43075.12,43075.81,43069.29,43069.46,0.314500,18
2025-01-01T00:29:26Z,43069.46,43076.84,43069.33,43075.91,0.583796,17
2025-01-01T00:29:27Z,43075.91,43076.34,43073.84,43074.29,0.713104,8
2025-01-01T00:29:28Z,43074.29,43075.30,43072.60,43075.00,0.278571,7
2025-01-01T00:29:29Z,43075.00,43081.66,43073.42,43080.39,0.297142,8
2025-01-01T00:29:30Z,43080.39,43081.19,43075.53,43076.46,0.524339,3
2025-01-01T00:29:31Z,43076.46,43076.79,43073.89,43074.09,0.235688,18
2025-01-01T00:29:32Z,43074.09,43074.61,43070.10,43070.12,0.195115,15
2025-01-01T00:29:33Z,43070.12,43071.46,43067.28,43067.61,0.726292,15
2025-01-01T00:29:34Z,43067.61,43070.90,43067.15,43070.20,0.434976,16
2025-01-01T00:29:35Z,43070.20,43071.09,43068.40,43070.04,0.100787,8
2025-01-01T00:29:36Z,43070.04,43070.91,43066.12,43067.20,0.731959,16
2025-01-01T00:29:37Z,43067.20,43071.81,43067.09,43071.53,0.338286,15
2025-01-01T00:29:38Z,43071.53,43072.95,43068.29,43068.62,0.237661,10
2025-01-01T00:29:39Z,43068.62,43073.84,43068.07,43072.98,0.378730,10
2025-01-01T00:29:40Z,43072.98,43076.23,43072.42,43075.08,0.237470,6
2025-01-01T00:29:41Z,43075.08,43076.55,43072.96,43074.01,1.132647,9
2025-01-01T00:29:42Z,43074.01,43075.95,43072.57,43074.34,0.313564,12
2025-01-01T00:29:43Z,43074.34,43078.40,43073.79,43076.97,0.252314,14
2025-01-01T00:29:44Z,43076.97,43085.21,43076.27,43085.12,0.425454,15
2025-01-01T00:29:45Z,43085.12,43086.70,43085.08,43085.38,0.459083,9
2025-01-01T00:29:46Z,43085.38,43085.93,43083.06,43084.43,0.261898,7
2025-01-01T00:29:47Z,43084.43,43088.97,43083.36,43087.60,0.342747,3
2025-01-01T00:29:48Z,43087.60,43088.53,43086.36,43087.70,0.150281,2
2025-01-01T00:29:49Z,43087.70,43092.08,43087.03,43090.73,0.397931,2
2025-01-01T00:29:50Z,43090.73,43091.37,43087.34,43088.94,0.505229,14
2025-01-01T00:29:51Z,43088.94,43090.36,43085.27,43086.78,0.440815,18
2025-01-01T00:29:52Z,43086.78,43089.94,43085.46,43088.95,0.237485,10
2025-01-01T00:29:53Z,43088.95,43091.47,43088.71,43090.28,0.708203,12
2025-01-01T00:29:54Z,43090.28,43094.88,43089.97,43093.36,0.349802,11
2025-01-01T00:29:55Z,43093.36,43093.70,43089.56,43091.23,0.218392,1
2025-01-01T00:29:56Z,43091.23,43095.09,43089.84,43094.35,0.286533,2
2025-01-01T00:29:57Z,43094.35,43099.79,43092.84,43098.14,0.266700,10
2025-01-01T00:29:58Z,43098.14,43099.40,43092.78,43093.75,0.421165,3
2025-01-01T00:29:59Z,43093.75,43094.74,43090.71,43091.51,0.431367,3
2025-01-01T00:30:00Z,43091.51,43092.36,43090.74,43091.88,0.422828,19
2025-01-01T00:30:01Z,43091.88,43092.47,43087.31,43088.22,0.922015,14
2025-01-01T00:30:02Z,43088.22,43091.38,43087.14,43090.88,0.307481,8
2025-01-01T00:30:03Z,43090.88,43091.89,43087.30,43088.62,0.398576,7
2025-01-01T00:30:04Z,43088.62,43089.77,43087.10,43089.16,0.533518,5
2025-01-01T00:30:05Z,43089.16,43089.51,43084.35,43084.67,0.785207,11
2025-01-01T00:30:06Z,43084.67,43091.22,43084.32,43090.08,0.540036,2
2025-01-01T00:30:07Z,43090.08,43090.85,43083.62,43084.31,0.244733,4
2025-01-01T00:30:08Z,43084.31,43087.65,43083.06,43086.07,0.194485,20
2025-01-01T00:30:09Z,43086.07,43087.85,43084.36,43087.23,0.335481,3
2025-01-01T00:30:10Z,43087.23,43088.65,43087.03,43088.21,0.354448,14
2025-01-01T00:30:11Z,43088.21,43088.90,43083.61,43085.09,0.612716,10
2025-01-01T00:30:12Z,43085.09,43086.88,43083.69,43085.76,0.528479,1
2025-01-01T00:30:13Z,43085.76,43091.27,43085.49,43091.05,0.743709,2
2025-01-01T00:30:14Z,43091.05,43092.33,43088.58,43089.09,0.650831,14
2025-01-01T00:30:15Z,43089.09,43089.38,43086.11,43087.72,0.509284,4
2025-01-01T00:30:16Z,43087.72,43088.25,43087.03,43087.90,0.185264,20
2025-01-01T00:30:17Z,43087.90,43088.45,43085.70,43087.05,0.100323,2
2025-01-01T00:30:18Z,43087.05,43087.75,43085.92,43086.85,0.828177,6
2025-01-01T00:30:19Z,43086.85,43087.12,43084.89,43084.91,0.104996,18
2025-01-01T00:30:20Z,43084.91,43086.31,43078.57,43078.57,0.300334,9
2025-01-01T00:30:21Z,43078.57,43081.26,43077.44,43081.04,0.272969,4
2025-01-01T00:30:22Z,43081.04,43082.51,43075.01,43075.35,0.278962,5
2025-01-01T00:30:23Z,43075.35,43076.51,43075.21,43076.13,0.205354,20
2025-01-01T00:30:24Z,43076.13,43078.37,43074.99,43078.06,0.496984,19
2025-01-01T00:30:25Z,43078.06,43081.26,43077.60,43079.56,0.612586,12
2025-01-01T00:30:26Z,43079.56,43081.17,43077.08,43077.14,0.648114,2
2025-01-01T00:30:27Z,43077.14,43078.51,43071.59,43073.27,0.536571,13
2025-01-01T00:30:28Z,43073.27,43074.11,43070.69,43071.28,0.672518,19
2025-01-01T00:30:29Z,43071.28,43076.00,43069.57,43075.30,0.348380,15
2025-01-01T00:30:30Z,43075.30,43078.66,43073.70,43077.34,0.100369,9
2025-01-01T00:30:31Z,43077.34,43079.79,43075.84,43079.21,0.565041,4
2025-01-01T00:30:32Z,43079.21,43080.10,43077.53,43077.64,0.266412,18
2025-01-01T00:30:33Z,43077.64,43077.85,43074.48,43074.88,0.353074,18
2025-01-01T00:30:34Z,43074.88,43075.47,43073.67,43074.45,0.783699,17
2025-01-01T00:30:35Z,43074.45,43074.76,43071.28,43072.69,0.723466,5
2025-01-01T00:30:36Z,43072.69,43074.01,43071.43,43073.98,0.268755,5
2025-01-01T00:30:37Z,43073.98,43074.95,43070.99,43071.91,0.160039,18
2025-01-01T00:30:38Z,43071.91,43073.84,43071.26,43072.92,0.243881,20
2025-01-01T00:30:39Z,43072.92,43081.59,43071.32,43081.20,0.550822,20
2025-01-01T00:30:40Z,43081.20,43081.29,43077.46,43079.13,0.320031,17
2025-01-01T00:30:41Z,43079.13,43081.86,43077.59,43080.18,0.356376,10
2025-01-01T00:30:42Z,43080.18,43083.75,43079.65,43082.79,0.939841,3
2025-01-01T00:30:43Z,43082.79,43082.90,43082.08,43082.79,1.192293,8
2025-01-01T00:30:44Z,43082.79,43083.51,43080.18,43081.20,0.263949,8
2025-01-01T00:30:45Z,43081.20,43084.13,43080.72,43082.47,0.215130,9
2025-01-01T00:30:46Z,43082.47,43082.70,43081.94,43082.49,0.146952,16
2025-01-01T00:30:47Z,43082.49,43082.89,43081.22,43081.98,0.672020,20
2025-01-01T00:30:48Z,43081.98,43083.66,43079.13,43080.70,0.305159,2
2025-01-01T00:30:49Z,43080.70,43081.72,43079.17,43081.07,0.197402,19
2025-01-01T00:30:50Z,43081.07,43085.20,43080.23,43083.71,0.252709,3
2025-01-01T00:30:51Z,43083.71,43090.15,43082.67,43088.43,0.420328,16
2025-01-01T00:30:52Z,43088.43,43093.74,43087.33,43093.01,0.568452,9
2025-01-01T00:30:53Z,43093.01,43094.57,43084.32,43085.42,0.236719,9
2025-01-01T00:30:54Z,43085.42,43087.02,43084.04,43086.84,0.237654,19
2025-01-01T00:30:55Z,43086.84,43087.59,43086.22,43086.68,0.358270,19
2025-01-01T00:30:56Z,43086.68,43088.28,43083.05,43083.71,0.455148,4
2025-01-01T00:30:57Z,43083.71,43087.63,43083.51,43086.64,0.524273,20
2025-01-01T00:30:58Z,43086.64,43087.92,43082.99,43083.59,0.419718,13
2025-01-01T00:30:59Z,43083.59,43086.61,43082.50,43085.21,0.755489,1
2025-01-01T00:31:00Z,43085.21,43086.75,43084.64,43085.66,0.271689,1
2025-01-01T00:31:01Z,43085.66,43089.04,43084.20,43087.78,0.114860,12
2025-01-01T00:31:02Z,43087.78,43088.26,43081.06,43082.41,0.223071,9
2025-01-01T00:31:03Z,43082.41,43090.88,43082.13,43089.56,0.531223,11
2025-01-01T00:31:04Z,43089.56,43090.91,43088.92,43089.22,0.367823,12
2025-01-01T00:31:05Z,43089.22,43090.28,43082.18,43083.45,0.534396,10
2025-01-01T00:31:06Z,43083.45,43088.99,43082.92,43087.88,0.366793,13
2025-01-01T00:31:07Z,43087.88,43091.51,43086.41,43091.16,0.361015,15
2025-01-01T00:31:08Z,43091.16,43097.39,43090.60,43095.74,0.165800,17
2025-01-01T00:31:09Z,43095.74,43096.94,43091.25,43092.21,0.592734,13
2025-01-01T00:31:10Z,43092.21,43092.37,43089.97,43091.20,0.523962,11
2025-01-01T00:31:11Z,43091.20,43092.12,43089.58,43090.27,0.589006,19
2025-01-01T00:31:12Z,43090.27,43093.65,43088.84,43093.26,0.284239,9
2025-01-01T00:31:13Z,43093.26,43093.31,43092.31,43092.70,0.455776,8
2025-01-01T00:31:14Z,43092.70,43092.95,43086.33,43086.84,0.358591,18
2025-01-01T00:31:15Z,43086.84,43090.09,43085.86,43089.14,0.224369,19
2025-01-01T00:31:16Z,43089.14,43090.69,43084.83,43085.49,0.134419,12
2025-01-01T00:31:17Z,43085.49,43089.54,43085.04,43088.15,0.120788,8
2025-01-01T00:31:18Z,43088.15,43089.80,43086.54,43086.77,0.229879,5
2025-01-01T00:31:19Z,43086.77,43089.86,43085.19,43089.70,0.380557,20
2025-01-01T00:31:20Z,43089.70,43091.35,43088.01,43090.14,0.524606,9
2025-01-01T00:31:21Z,43090.14,43094.29,43090.05,43093.30,0.450523,14
2025-01-01T00:31:22Z,43093.30,43103.81,43092.52,43103.77,1.268156,16
2025-01-01T00:31:23Z,43103.77,43109.77,43103.52,43108.28,0.434763,9
2025-01-01T00:31:24Z,43108.28,43109.53,43099.47,43100.70,0.358204,5
2025-01-01T00:31:25Z,43100.70,43102.40,43096.78,43097.15,0.336557,10
2025-01-01T00:31:26Z,43097.15,43098.66,43093.35,43094.98,0.189599,19
2025-01-01T00:31:27Z,43094.98,43099.44,43094.97,43098.90,0.509941,12
2025-01-01T00:31:28Z,43098.90,43099.02,43093.71,43093.82,0.336809,7
2025-01-01T00:31:29Z,43093.82,43094.25,43089.68,43090.72,0.482161,6
2025-01-01T00:31:30Z,43090.72,43099.76,43090.14,43098.51,0.205225,13
2025-01-01T00:31:31Z,43098.51,43101.36,43097.85,43099.97,0.318629,6
2025-01-01T00:31:32Z,43099.97,43103.85,43098.45,43102.63,0.367756,13
2025-01-01T00:31:33Z,43102.63,43104.81,43102.03,43104.47,0.422106,15
2025-01-01T00:31:34Z,43104.47,43104.55,43103.42,43104.52,0.322755,17
2025-01-01T00:31:35Z,43104.52,43104.54,43099.76,43100.32,0.160244,19
2025-01-01T00:31:36Z,43100.32,43101.97,43093.70,43094.03,0.417578,7
2025-01-01T00:31:37Z,43094.03,43095.71,43091.22,43091.38,0.443027,12
2025-01-01T00:31:38Z,43091.38,43092.60,43083.38,43084.89,0.265799,15
2025-01-01T00:31:39Z,43084.89,43084.95,43081.57,43081.64,0.793160,4
2025-01-01T00:31:40Z,43081.64,43083.20,43081.04,43082.69,0.208190,4
2025-01-01T00:31:41Z,43082.69,43083.55,43078.87,43079.91,0.393506,15
2025-01-01T00:31:42Z,43079.91,43084.84,43079.49,43084.72,0.354003,2
2025-01-01T00:31:43Z,43084.72,43085.34,43081.38,43082.96,0.386967,11
2025-01-01T00:31:44Z,43082.96,43087.95,43082.07,43086.74,0.682259,10
2025-01-01T00:31:45Z,43086.74,43087.29,43083.64,43084.42,0.328938,3
2025-01-01T00:31:46Z,43084.42,43084.97,43079.59,43080.42,0.304268,10
2025-01-01T00:31:47Z,43080.42,43082.00,43079.22,43080.67,0.377063,3
2025-01-01T00:31:48Z,43080.67,43082.22,43078.13,43079.06,0.584864,18
2025-01-01T00:31:49Z,43079.06,43083.41,43077.40,43083.36,0.315909,18
2025-01-01T00:31:50Z,43083.36,43090.97,43082.09,43089.47,0.377206,12
2025-01-01T00:31:51Z,43089.47,43092.73,43089.39,43091.56,0.234288,6
2025-01-01T00:31:52Z,43091.56,43095.93,43091.21,43095.81,0.182762,1
2025-01-01T00:31:53Z,43095.81,43095.89,43091.75,43092.41,0.308384,13
2025-01-01T00:31:54Z,43092.41,43095.40,43092.33,43093.96,0.244696,9
2025-01-01T00:31:55Z,43093.96,43095.48,43090.29,43091.02,0.573534,10
2025-01-01T00:31:56Z,43091.02,43094.28,43090.55,43093.01,0.486473,14
2025-01-01T00:31:57Z,43093.01,43100.47,43091.56,43099.82,0.110098,9
2025-01-01T00:31:58Z,43099.82,43100.50,43094.71,43095.91,0.323205,8
2025-01-01T00:31:59Z,43095.91,43096.03,43092.88,43093.08,0.164803,6
2025-01-01T00:32:00Z,43093.08,43096.75,43091.47,43095.57,0.304743,10
2025-01-01T00:32:01Z,43095.57,43097.05,43094.21,43094.66,0.532576,7
2025-01-01T00:32:02Z,43094.66,43099.70,43094.44,43098.85,0.238254,13
2025-01-01T00:32:03Z,43098.85,43099.16,43096.19,43097.51,0.520286,20
2025-01-01T00:32:04Z,43097.51,43098.27,43092.30,43093.63,0.487462,7
2025-01-01T00:32:05Z,43093.63,43099.06,43092.38,43097.73,0.283864,15
2025-01-01T00:32:06Z,43097.73,43099.93,43097.47,43099.26,0.304002,6
2025-01-01T00:32:07Z,43099.26,43105.07,43098.68,43103.99,0.265594,20
2025-01-01T00:32:08Z,43103.99,43104.24,43098.01,43099.67,0.311642,20
2025-01-01T00:32:09Z,43099.67,43100.92,43097.65,43098.90,0.313771,4
2025-01-01T00:32:10Z,43098.90,43098.91,43098.66,43098.76,0.294410,8
2025-01-01T00:32:11Z,43098.76,43100.08,43098.37,43098.43,0.382850,16
2025-01-01T00:32:12Z,43098.43,43103.51,43097.37,43103.03,0.309946,16
2025-01-01T00:32:13Z,43103.03,43104.08,43100.54,43101.13,0.792942,5
2025-01-01T00:32:14Z,43101.13,43101.52,43093.85,43094.35,0.323416,6
2025-01-01T00:32:15Z,43094.35,43097.01,43094.31,43096.37,0.499611,15
2025-01-01T00:32:16Z,43096.37,43097.84,43088.69,43090.39,0.155493,7
2025-01-01T00:32:17Z,43090.39,43095.81,43089.66,43094.19,0.282307,15
2025-01-01T00:32:18Z,43094.19,43098.47,43093.04,43097.88,0.188344,8
2025-01-01T00:32:19Z,43097.88,43098.26,43096.43,43096.76,0.526545,15
2025-01-01T00:32:20Z,43096.76,43097.47,43090.08,43091.19,0.276323,4
2025-01-01T00:32:21Z,43091.19,43092.12,43088.68,43089.46,0.631296,7
2025-01-01T00:32:22Z,43089.46,43090.64,43088.79,43090.37,0.374679,15
2025-01-01T00:32:23Z,43090.37,43094.70,43090.01,43094.66,0.394492,19
2025-01-01T00:32:24Z,43094.66,43096.26,43093.28,43095.27,0.237314,8
2025-01-01T00:32:25Z,43095.27,43096.77,43090.16,43090.39,0.631901,20
2025-01-01T00:32:26Z,43090.39,43090.45,43085.48,43085.65,0.313859,12
2025-01-01T00:32:27Z,43085.65,43086.00,43084.48,43084.74,0.100719,19
2025-01-01T00:32:28Z,43084.74,43088.43,43084.44,43087.85,0.156635,6
2025-01-01T00:32:29Z,43087.85,43089.40,43085.49,43085.75,0.314884,20
2025-01-01T00:32:30Z,43085.75,43086.84,43080.83,43082.04,0.107047,8
2025-01-01T00:32:31Z,43082.04,43086.12,43080.89,43084.44,0.213094,2
2025-01-01T00:32:32Z,43084.44,43087.33,43084.14,43086.68,0.402122,1
2025-01-01T00:32:33Z,43086.68,43090.91,43085.05,43089.24,0.606987,3
2025-01-01T00:32:34Z,43089.24,43090.47,43088.72,43090.24,0.330453,7
2025-01-01T00:32:35Z,43090.24,43091.90,43088.86,43089.41,0.149510,16
2025-01-01T00:32:36Z,43089.41,43097.37,43089.12,43096.65,0.534137,9
2025-01-01T00:32:37Z,43096.65,43099.09,43095.09,43097.40,0.201922,6
2025-01-01T00:32:38Z,43097.40,43100.36,43096.63,43099.83,0.346477,15
2025-01-01T00:32:39Z,43099.83,43101.81,43099.26,43100.67,0.402767,7
2025-01-01T00:32:40Z,43100.67,43103.54,43099.51,43103.48,0.474336,17
2025-01-01T00:32:41Z,43103.48,43104.95,43100.24,43101.59,0.325953,12
2025-01-01T00:32:42Z,43101.59,43102.44,43100.31,43100.77,0.268007,4
2025-01-01T00:32:43Z,43100.77,43100.81,43096.28,43096.51,0.495064,6
2025-01-01T00:32:44Z,43096.51,43097.89,43093.79,43095.13,0.843669,5
2025-01-01T00:32:45Z,43095.13,43097.58,43093.47,43096.58,0.238617,20
2025-01-01T00:32:46Z,43096.58,43100.82,43095.29,43100.48,0.509733,2
2025-01-01T00:32:47Z,43100.48,43105.47,43099.81,43104.23,0.420329,7
2025-01-01T00:32:48Z,43104.23,43105.45,43102.40,43103.21,0.598463,2
2025-01-01T00:32:49Z,43103.21,43103.98,43098.47,43099.34,0.398446,4
2025-01-01T00:32:50Z,43099.34,43099.66,43098.41,43098.97,0.489025,20
2025-01-01T00:32:51Z,43098.97,43099.68,43096.58,43097.68,0.266433,12
2025-01-01T00:32:52Z,43097.68,43098.81,43095.65,43097.32,0.154596,3
2025-01-01T00:32:53Z,43097.32,43097.43,43092.27,43093.12,0.540521,15
2025-01-01T00:32:54Z,43093.12,43098.98,43092.11,43098.82,0.643577,20
2025-01-01T00:32:55Z,43098.82,43100.45,43098.71,43099.28,0.103168,15
2025-01-01T00:32:56Z,43099.28,43099.92,43094.83,43095.35,0.360374,7
2025-01-01T00:32:57Z,43095.35,43100.67,43095.06,43100.27,0.485469,15
2025-01-01T00:32:58Z,43100.27,43101.90,43096.83,43097.53,0.663940,5
2025-01-01T00:32:59Z,43097.53,43103.29,43096.24,43103.05,0.342769,5
2025-01-01T00:33:00Z,43103.05,43105.38,43102.79,43103.88,0.300096,6
2025-01-01T00:33:01Z,43103.88,43104.14,43098.99,43100.62,0.356079,7
2025-01-01T00:33:02Z,43100.62,43104.58,43098.98,43104.06,0.388598,16
2025-01-01T00:33:03Z,43104.06,43105.60,43103.20,43104.55,0.252820,16
2025-01-01T00:33:04Z,43104.55,43107.43,43104.44,43105.77,0.275363,10
2025-01-01T00:33:05Z,43105.77,43106.01,43104.67,43105.57,0.365564,16
2025-01-01T00:33:06Z,43105.57,43108.82,43104.48,43108.54,0.485048,4
2025-01-01T00:33:07Z,43108.54,43109.85,43107.63,43108.81,0.295966,5
2025-01-01T00:33:08Z,43108.81,43108.92,43101.82,43102.60,0.336197,11
2025-01-01T00:33:09Z,43102.60,43110.50,43101.03,43109.31,0.944690,16
2025-01-01T00:33:10Z,43109.31,43111.34,43108.74,43110.35,0.272441,11
2025-01-01T00:33:11Z,43110.35,43111.70,43105.12,43106.11,0.608122,8
2025-01-01T00:33:12Z,43106.11,43106.14,43101.38,43102.26,0.412883,16
2025-01-01T00:33:13Z,43102.26,43103.37,43100.71,43102.57,0.200177,7
2025-01-01T00:33:14Z,43102.57,43103.56,43101.11,43103.31,0.222672,1
2025-01-01T00:33:15Z,43103.31,43103.88,43099.24,43100.66,0.361488,9
2025-01-01T00:33:16Z,43100.66,43105.06,43099.14,43104.52,0.418099,2
2025-01-01T00:33:17Z,43104.52,43105.79,43103.15,43103.48,0.525844,13
2025-01-01T00:33:18Z,43103.48,43103.50,43097.43,43097.88,0.635947,3
2025-01-01T00:33:19Z,43097.88,43101.51,43096.54,43100.87,0.789963,13
2025-01-01T00:33:20Z,43100.87,43102.18,43096.37,43096.55,0.281319,20
2025-01-01T00:33:21Z,43096.55,43097.33,43094.73,43095.01,0.395126,11
2025-01-01T00:33:22Z,43095.01,43096.73,43094.26,43096.68,0.306120,20
2025-01-01T00:33:23Z,43096.68,43098.13,43093.75,43093.81,0.239624,19
2025-01-01T00:33:24Z,43093.81,43099.09,43092.58,43097.84,0.353800,5
2025-01-01T00:33:25Z,43097.84,43099.15,43096.94,43098.89,0.602602,12
2025-01-01T00:33:26Z,43098.89,43102.72,43097.59,43102.01,0.362683,17
2025-01-01T00:33:27Z,43102.01,43102.72,43100.14,43101.50,0.532245,3
2025-01-01T00:33:28Z,43101.50,43103.21,43099.93,43103.01,0.280899,18
2025-01-01T00:33:29Z,43103.01,43103.05,43098.48,43099.59,0.508963,2
2025-01-01T00:33:30Z,43099.59,43100.37,43098.09,43100.11,0.368152,13
2025-01-01T00:33:31Z,43100.11,43102.64,43098.79,43102.61,0.360529,14
2025-01-01T00:33:32Z,43102.61,43103.62,43101.34,43101.70,0.395139,3
2025-01-01T00:33:33Z,43101.70,43102.71,43100.80,43101.43,0.553797,7
2025-01-01T00:33:34Z,43101.43,43102.79,43100.36,43101.71,0.266796,13
2025-01-01T00:33:35Z,43101.71,43102.37,43101.36,43102.09,0.422615,11
2025-01-01T00:33:36Z,43102.09,43106.01,43101.31,43104.89,0.086491,17
2025-01-01T00:33:37Z,43104.89,43106.21,43102.51,43102.86,0.213877,4
2025-01-01T00:33:38Z,43102.86,43103.21,43101.60,43102.58,1.309358,7
2025-01-01T00:33:39Z,43102.58,43104.11,43094.20,43095.61,0.324283,8
2025-01-01T00:33:40Z,43095.61,43096.04,43088.22,43089.10,0.298765,6
2025-01-01T00:33:41Z,43089.10,43090.59,43085.87,43086.22,0.688529,11
2025-01-01T00:33:42Z,43086.22,43087.52,43081.36,43082.95,0.352689,8
2025-01-01T00:33:43Z,43082.95,43084.02,43082.76,43083.88,0.309211,6
2025-01-01T00:33:44Z,43083.88,43087.74,43082.21,43086.63,0.512099,9
2025-01-01T00:33:45Z,43086.63,43089.28,43086.59,43088.56,0.292205,7
2025-01-01T00:33:46Z,43088.56,43093.81,43087.20,43092.17,0.268596,8
2025-01-01T00:33:47Z,43092.17,43096.36,43090.64,43095.57,0.463023,1
2025-01-01T00:33:48Z,43095.57,43096.84,43094.20,43094.46,0.164913,15
2025-01-01T00:33:49Z,43094.46,43095.18,43089.06,43090.73,0.394110,3
2025-01-01T00:33:50Z,43090.73,43098.82,43089.50,43097.60,0.259749,9
2025-01-01T00:33:51Z,43097.60,43099.26,43095.53,43095.86,0.867531,2
2025-01-01T00:33:52Z,43095.86,43101.24,43094.22,43100.49,0.363199,2
2025-01-01T00:33:53Z,43100.49,43100.98,43095.70,43095.85,0.194973,18
2025-01-01T00:33:54Z,43095.85,43099.14,43094.90,43098.50,0.116756,12
2025-01-01T00:33:55Z,43098.50,43103.57,43097.50,43102.87,0.481430,16
2025-01-01T00:33:56Z,43102.87,43104.53,43101.18,43101.33,0.287801,12
2025-01-01T00:33:57Z,43101.33,43102.44,43097.44,43098.22,0.408697,2
2025-01-01T00:33:58Z,43098.22,43099.91,43093.73,43093.98,0.254159,6
2025-01-01T00:33:59Z,43093.98,43101.92,43092.99,43100.45,0.583545,14
2025-01-01T00:34:00Z,43100.45,43109.13,43099.55,43108.20,0.401260,18
2025-01-01T00:34:01Z,43108.20,43109.34,43100.79,43101.07,0.164074,11
2025-01-01T00:34:02Z,43101.07,43102.51,43097.42,43098.06,0.807271,13
2025-01-01T00:34:03Z,43098.06,43098.69,43097.45,43098.31,0.267763,4
2025-01-01T00:34:04Z,43098.31,43099.37,43097.12,43099.11,0.791079,17
2025-01-01T00:34:05Z,43099.11,43105.43,43098.25,43104.05,0.186470,10
2025-01-01T00:34:06Z,43104.05,43106.22,43102.64,43106.05,0.246805,3
2025-01-01T00:34:07Z,43106.05,43106.17,43101.48,43102.26,0.417866,12
2025-01-01T00:34:08Z,43102.26,43104.26,43101.44,43103.25,0.407701,16
2025-01-01T00:34:09Z,43103.25,43108.50,43102.38,43106.82,0.310007,16
2025-01-01T00:34:10Z,43106.82,43109.97,43106.65,43109.04,0.563246,12
2025-01-01T00:34:11Z,43109.04,43110.68,43105.31,43106.49,0.729272,16
2025-01-01T00:34:12Z,43106.49,43107.05,43106.33,43106.62,0.101321,4
2025-01-01T00:34:13Z,43106.62,43107.40,43103.91,43105.20,0.206239,15
2025-01-01T00:34:14Z,43105.20,43106.00,43104.98,43105.98,0.720682,17
2025-01-01T00:34:15Z,43105.98,43109.81,43105.51,43109.50,0.487153,18
2025-01-01T00:34:16Z,43109.50,43110.51,43107.72,43108.92,0.340236,10
2025-01-01T00:34:17Z,43108.92,43110.40,43108.01,43108.07,0.427972,5
2025-01-01T00:34:18Z,43108.07,43110.30,43107.65,43109.47,0.251984,6
2025-01-01T00:34:19Z,43109.47,43110.81,43109.17,43109.25,0.243546,19
2025-01-01T00:34:20Z,43109.25,43111.47,43108.04,43110.70,0.883636,15
2025-01-01T00:34:21Z,43110.70,43111.56,43107.33,43108.70,0.299394,12
2025-01-01T00:34:22Z,43108.70,43109.52,43107.18,43107.66,0.400534,3
2025-01-01T00:34:23Z,43107.66,43107.81,43104.97,43106.49,0.481381,17
2025-01-01T00:34:24Z,43106.49,43114.61,43106.28,43113.10,0.187325,7
2025-01-01T00:34:25Z,43113.10,43113.87,43107.78,43109.50,0.317448,3
2025-01-01T00:34:26Z,43109.50,43115.51,43109.30,43114.51,0.187129,13
2025-01-01T00:34:27Z,43114.51,43114.52,43113.53,43113.64,0.486029,9
2025-01-01T00:34:28Z,43113.64,43115.16,43113.05,43113.29,0.505839,16
2025-01-01T00:34:29Z,43113.29,43114.12,43112.74,43113.11,0.196193,18
2025-01-01T00:34:30Z,43113.11,43115.14,43111.63,43113.99,0.055650,3
2025-01-01T00:34:31Z,43113.99,43114.97,43112.59,43113.01,0.315653,9
2025-01-01T00:34:32Z,43113.01,43113.09,43107.72,43108.27,0.328919,12
2025-01-01T00:34:33Z,43108.27,43112.19,43107.22,43111.52,0.160401,17
2025-01-01T00:34:34Z,43111.52,43116.68,43111.25,43115.37,0.414443,3
2025-01-01T00:34:35Z,43115.37,43116.12,43112.17,43112.23,0.545079,2
2025-01-01T00:34:36Z,43112.23,43113.03,43108.53,43109.92,0.614888,18
2025-01-01T00:34:37Z,43109.92,43113.54,43108.34,43112.50,0.653807,16
2025-01-01T00:34:38Z,43112.50,43113.68,43106.08,43107.28,0.923144,19
2025-01-01T00:34:39Z,43107.28,43112.15,43106.70,43111.91,0.395819,3
2025-01-01T00:34:40Z,43111.91,43112.41,43111.41,43111.94,0.374142,11
2025-01-01T00:34:41Z,43111.94,43116.28,43110.96,43114.72,0.305036,11
2025-01-01T00:34:42Z,43114.72,43115.17,43110.51,43111.24,0.663035,5
2025-01-01T00:34:43Z,43111.24,43112.62,43109.71,43110.90,0.157729,18
2025-01-01T00:34:44Z,43110.90,43111.70,43107.85,43108.75,0.290091,20
2025-01-01T00:34:45Z,43108.75,43110.11,43106.61,43108.04,0.170139,16
2025-01-01T00:34:46Z,43108.04,43109.27,43104.05,43105.66,0.348786,9
2025-01-01T00:34:47Z,43105.66,43109.19,43105.22,43108.14,0.721097,18
2025-01-01T00:34:48Z,43108.14,43109.12,43105.45,43105.80,0.187687,16
2025-01-01T00:34:49Z,43105.80,43106.82,43103.64,43104.46,0.329497,6
2025-01-01T00:34:50Z,43104.46,43110.40,43104.39,43108.69,0.380840,4
2025-01-01T00:34:51Z,43108.69,43114.40,43107.50,43112.81,0.389718,11
2025-01-01T00:34:52Z,43112.81,43118.79,43112.39,43118.30,0.200883,9
2025-01-01T00:34:53Z,43118.30,43119.90,43116.95,43117.56,0.498387,6
2025-01-01T00:34:54Z,43117.56,43120.18,43116.50,43119.83,0.250457,4
2025-01-01T00:34:55Z,43119.83,43120.25,43113.13,43113.83,0.208708,6
2025-01-01T00:34:56Z,43113.83,43116.32,43112.67,43116.31,0.246691,13
2025-01-01T00:34:57Z,43116.31,43117.08,43114.59,43114.99,0.608743,15
2025-01-01T00:34:58Z,43114.99,43115.65,43108.69,43109.75,0.294029,9
2025-01-01T00:34:59Z,43109.75,43112.16,43108.59,43111.81,0.238062,11
2025-01-01T00:35:00Z,43111.81,43112.87,43108.64,43110.09,0.425607,3
2025-01-01T00:35:01Z,43110.09,43114.83,43108.88,43113.79,0.224217,7
2025-01-01T00:35:02Z,43113.79,43114.97,43112.56,43114.49,0.638114,16
2025-01-01T00:35:03Z,43114.49,43119.36,43113.31,43117.71,0.428774,3
2025-01-01T00:35:04Z,43117.71,43118.38,43111.26,43111.85,0.301022,15
2025-01-01T00:35:05Z,43111.85,43115.31,43111.70,43113.74,0.280131,12
2025-01-01T00:35:06Z,43113.74,43116.34,43113.36,43116.07,0.428221,17
2025-01-01T00:35:07Z,43116.07,43117.47,43113.26,43114.72,0.702451,8
2025-01-01T00:35:08Z,43114.72,43121.42,43113.52,43121.26,0.724387,10
2025-01-01T00:35:09Z,43121.26,43125.67,43120.50,43125.43,0.543876,14
2025-01-01T00:35:10Z,43125.43,43125.83,43123.75,43123.91,0.747637,6
2025-01-01T00:35:11Z,43123.91,43128.25,43122.51,43127.84,0.148241,3
2025-01-01T00:35:12Z,43127.84,43129.64,43126.92,43128.29,0.628778,12
2025-01-01T00:35:13Z,43128.29,43129.54,43125.38,43125.65,0.601332,1
2025-01-01T00:35:14Z,43125.65,43126.12,43123.33,43124.74,0.370630,13
2025-01-01T00:35:15Z,43124.74,43126.91,43124.65,43126.68,0.261807,20
2025-01-01T00:35:16Z,43126.68,43129.50,43126.26,43129.02,0.269000,8
2025-01-01T00:35:17Z,43129.02,43129.30,43124.14,43125.19,0.237368,17
2025-01-01T00:35:18Z,43125.19,43127.50,43124.26,43126.82,0.309264,17
2025-01-01T00:35:19Z,43126.82,43127.43,43120.89,43121.93,0.776645,9
2025-01-01T00:35:20Z,43121.93,43122.80,43117.64,43118.50,0.511550,20
2025-01-01T00:35:21Z,43118.50,43120.22,43116.59,43118.04,0.318608,1
2025-01-01T00:35:22Z,43118.04,43118.07,43116.45,43117.20,0.422847,19
2025-01-01T00:35:23Z,43117.20,43120.73,43115.90,43119.37,0.441837,8
2025-01-01T00:35:24Z,43119.37,43125.63,43118.93,43124.07,0.272251,12
2025-01-01T00:35:25Z,43124.07,43131.43,43123.27,43129.91,0.340911,5
2025-01-01T00:35:26Z,43129.91,43136.71,43129.82,43136.20,0.350353,14
2025-01-01T00:35:27Z,43136.20,43136.34,43131.05,43131.56,0.679937,2
2025-01-01T00:35:28Z,43131.56,43138.81,43130.95,43137.99,0.128574,9
2025-01-01T00:35:29Z,43137.99,43138.09,43134.37,43135.25,0.439673,15
2025-01-01T00:35:30Z,43135.25,43136.04,43129.16,43130.24,0.302892,17
2025-01-01T00:35:31Z,43130.24,43134.83,43128.71,43133.82,0.544075,17
2025-01-01T00:35:32Z,43133.82,43140.99,43132.84,43139.73,0.668299,15
2025-01-01T00:35:33Z,43139.73,43142.41,43138.63,43141.14,0.186399,9
2025-01-01T00:35:34Z,43141.14,43141.67,43138.77,43140.41,0.200202,14
2025-01-01T00:35:35Z,43140.41,43142.48,43138.89,43141.10,0.318165,7
2025-01-01T00:35:36Z,43141.10,43143.92,43140.64,43142.44,0.362068,15
2025-01-01T00:35:37Z,43142.44,43144.09,43142.15,43142.51,0.434811,15
2025-01-01T00:35:38Z,43142.51,43145.02,43141.87,43143.77,0.199275,19
2025-01-01T00:35:39Z,43143.77,43144.73,43139.37,43140.91,0.550375,11
2025-01-01T00:35:40Z,43140.91,43142.35,43134.90,43135.92,0.825433,8
2025-01-01T00:35:41Z,43135.92,43136.31,43135.09,43135.13,0.360163,17
2025-01-01T00:35:42Z,43135.13,43136.84,43132.21,43132.30,0.546934,9
2025-01-01T00:35:43Z,43132.30,43141.35,43132.04,43141.17,0.123087,8
2025-01-01T00:35:44Z,43141.17,43141.34,43138.35,43139.29,0.233067,14
2025-01-01T00:35:45Z,43139.29,43140.78,43138.77,43139.80,0.204748,3
2025-01-01T00:35:46Z,43139.80,43141.19,43139.10,43141.09,0.333095,1
2025-01-01T00:35:47Z,43141.09,43141.67,43132.74,43133.38,0.266943,16
2025-01-01T00:35:48Z,43133.38,43136.93,43132.64,43136.56,0.272466,6
2025-01-01T00:35:49Z,43136.56,43137.14,43134.08,43135.11,0.635087,4
2025-01-01T00:35:50Z,43135.11,43140.55,43134.18,43140.53,0.365333,5
2025-01-01T00:35:51Z,43140.53,43145.35,43140.53,43143.63,0.267357,12
2025-01-01T00:35:52Z,43143.63,43144.84,43139.21,43140.36,0.240788,10
2025-01-01T00:35:53Z,43140.36,43140.93,43133.40,43133.47,0.637211,7
2025-01-01T00:35:54Z,43133.47,43136.77,43132.62,43135.34,0.277576,17
2025-01-01T00:35:55Z,43135.34,43135.47,43127.22,43128.28,0.206690,9
2025-01-01T00:35:56Z,43128.28,43132.52,43127.42,43131.63,0.264277,13
2025-01-01T00:35:57Z,43131.63,43138.15,43130.48,43136.68,0.887968,12
2025-01-01T00:35:58Z,43136.68,43140.70,43135.28,43139.57,0.133671,10
2025-01-01T00:35:59Z,43139.57,43140.72,43138.39,43138.76,0.328935,2
2025-01-01T00:36:00Z,43138.76,43143.06,43138.57,43142.86,0.349411,3
2025-01-01T00:36:01Z,43142.86,43145.61,43142.28,43145.13,0.300289,16
2025-01-01T00:36:02Z,43145.13,43146.24,43141.95,43143.57,0.410010,7
2025-01-01T00:36:03Z,43143.57,43145.88,43142.44,43144.34,0.303858,12
2025-01-01T00:36:04Z,43144.34,43146.68,43143.90,43145.21,0.215421,13
2025-01-01T00:36:05Z,43145.21,43146.98,43143.72,43145.63,0.290946,14
2025-01-01T00:36:06Z,43145.63,43146.92,43139.47,43140.97,0.250479,3
2025-01-01T00:36:07Z,43140.97,43141.81,43132.04,43133.74,0.209503,9
2025-01-01T00:36:08Z,43133.74,43139.14,43132.41,43138.42,0.543842,20
2025-01-01T00:36:09Z,43138.42,43139.06,43135.45,43135.45,0.338243,17
2025-01-01T00:36:10Z,43135.45,43137.28,43133.97,43136.11,0.490724,13
2025-01-01T00:36:11Z,43136.11,43139.58,43134.39,43138.04,0.471786,14
2025-01-01T00:36:12Z,43138.04,43138.87,43136.38,43138.80,0.410631,15
2025-01-01T00:36:13Z,43138.80,43138.88,43132.75,43133.32,0.297269,3
2025-01-01T00:36:14Z,43133.32,43134.92,43124.83,43126.40,0.415325,11
2025-01-01T00:36:15Z,43126.40,43129.04,43126.02,43127.60,0.518732,13
2025-01-01T00:36:16Z,43127.60,43127.67,43125.62,43127.26,0.342258,14
2025-01-01T00:36:17Z,43127.26,43131.64,43127.13,43131.56,0.643884,18
2025-01-01T00:36:18Z,43131.56,43133.71,43130.30,43132.21,1.082607,20
2025-01-01T00:36:19Z,43132.21,43133.36,43131.20,43132.05,0.426394,18
2025-01-01T00:36:20Z,43132.05,43132.46,43130.02,43131.73,0.397571,18
2025-01-01T00:36:21Z,43131.73,43134.60,43131.70,43133.46,0.336186,8
2025-01-01T00:36:22Z,43133.46,43134.43,43132.17,43134.20,0.200787,9
2025-01-01T00:36:23Z,43134.20,43134.92,43132.48,43134.04,0.271559,4
2025-01-01T00:36:24Z,43134.04,43136.11,43132.85,43134.38,0.418570,5
2025-01-01T00:36:25Z,43134.38,43135.89,43130.15,43131.62,1.176732,9
2025-01-01T00:36:26Z,43131.62,43134.12,43131.41,43133.35,1.035556,15
2025-01-01T00:36:27Z,43133.35,43134.23,43132.22,43133.05,0.581195,12
2025-01-01T00:36:28Z,43133.05,43134.57,43132.72,43133.91,0.930898,3
2025-01-01T00:36:29Z,43133.91,43135.62,43130.57,43130.85,0.277094,18
2025-01-01T00:36:30Z,43130.85,43135.88,43130.25,43134.57,0.293914,14
2025-01-01T00:36:31Z,43134.57,43144.78,43133.69,43144.61,0.516629,7
2025-01-01T00:36:32Z,43144.61,43145.62,43140.60,43141.81,0.633939,15
2025-01-01T00:36:33Z,43141.81,43142.47,43138.04,43139.14,0.353263,12
2025-01-01T00:36:34Z,43139.14,43144.93,43138.56,43144.29,0.273761,5
2025-01-01T00:36:35Z,43144.29,43146.37,43143.26,43144.91,0.390481,5
2025-01-01T00:36:36Z,43144.91,43145.86,43139.35,43140.66,0.724827,8
2025-01-01T00:36:37Z,43140.66,43142.01,43139.25,43141.47,0.105034,2
2025-01-01T00:36:38Z,43141.47,43148.00,43140.27,43146.28,0.105185,3
2025-01-01T00:36:39Z,43146.28,43147.96,43143.82,43144.44,0.365817,14
2025-01-01T00:36:40Z,43144.44,43154.72,43143.21,43154.15,0.666768,12
2025-01-01T00:36:41Z,43154.15,43155.81,43152.47,43155.61,0.515417,4
2025-01-01T00:36:42Z,43155.61,43158.05,43155.22,43156.67,0.109789,18
2025-01-01T00:36:43Z,43156.67,43160.22,43155.09,43158.92,0.560896,10
2025-01-01T00:36:44Z,43158.92,43163.44,43158.38,43161.83,0.211740,5
2025-01-01T00:36:45Z,43161.83,43164.10,43160.19,43163.98,0.400438,16
2025-01-01T00:36:46Z,43163.98,43170.82,43163.79,43170.12,0.577139,11
2025-01-01T00:36:47Z,43170.12,43172.15,43169.00,43171.85,0.573542,1
2025-01-01T00:36:48Z,43171.85,43172.07,43165.17,43166.45,0.878318,8
2025-01-01T00:36:49Z,43166.45,43169.27,43166.44,43167.56,0.377993,7
2025-01-01T00:36:50Z,43167.56,43168.30,43164.03,43165.09,0.212910,10
2025-01-01T00:36:51Z,43165.09,43165.88,43164.39,43165.29,0.880150,10
2025-01-01T00:36:52Z,43165.29,43166.82,43163.56,43164.78,0.216022,1
2025-01-01T00:36:53Z,43164.78,43171.29,43164.08,43169.61,0.258051,5
2025-01-01T00:36:54Z,43169.61,43170.61,43162.39,43164.06,0.174504,8
2025-01-01T00:36:55Z,43164.06,43165.79,43159.92,43161.21,0.689256,5
2025-01-01T00:36:56Z,43161.21,43164.19,43161.20,43164.00,0.278165,1
2025-01-01T00:36:57Z,43164.00,43164.71,43162.88,43163.47,0.348813,4
2025-01-01T00:36:58Z,43163.47,43166.34,43162.33,43165.63,0.485724,7
2025-01-01T00:36:59Z,43165.63,43167.11,43163.20,43163.46,0.327249,8
2025-01-01T00:37:00Z,43163.46,43164.21,43154.69,43155.12,0.343694,2
2025-01-01T00:37:01Z,43155.12,43157.03,43154.22,43155.74,0.276494,10
2025-01-01T00:37:02Z,43155.74,43158.32,43155.71,43157.58,0.619372,19
2025-01-01T00:37:03Z,43157.58,43160.61,43157.06,43159.82,0.273643,9
2025-01-01T00:37:04Z,43159.82,43165.10,43158.99,43164.64,0.346024,8
2025-01-01T00:37:05Z,43164.64,43165.75,43156.53,43157.20,0.424135,9
2025-01-01T00:37:06Z,43157.20,43158.39,43156.05,43156.52,0.724025,13
2025-01-01T00:37:07Z,43156.52,43156.56,43151.50,43152.47,0.568366,10
2025-01-01T00:37:08Z,43152.47,43154.17,43150.87,43152.52,0.753679,17
2025-01-01T00:37:09Z,43152.52,43156.77,43151.44,43155.18,0.660246,18
2025-01-01T00:37:10Z,43155.18,43156.01,43152.18,43152.50,0.751912,14
2025-01-01T00:37:11Z,43152.50,43154.54,43151.11,43154.10,0.448968,20
2025-01-01T00:37:12Z,43154.10,43154.76,43150.13,43151.21,0.603937,11
2025-01-01T00:37:13Z,43151.21,43151.82,43148.68,43149.99,0.388671,14
2025-01-01T00:37:14Z,43149.99,43150.81,43149.02,43150.68,0.216881,2
2025-01-01T00:37:15Z,43150.68,43151.03,43149.88,43150.59,0.347054,7
2025-01-01T00:37:16Z,43150.59,43151.42,43149.01,43150.98,1.119895,7
2025-01-01T00:37:17Z,43150.98,43152.75,43149.38,43152.58,0.408921,9
2025-01-01T00:37:18Z,43152.58,43154.84,43151.27,43153.76,0.407713,1
2025-01-01T00:37:19Z,43153.76,43155.36,43148.85,43149.70,0.369398,19
2025-01-01T00:37:20Z,43149.70,43150.30,43148.53,43149.15,0.321613,1
2025-01-01T00:37:21Z,43149.15,43154.09,43147.45,43152.82,0.442580,7
2025-01-01T00:37:22Z,43152.82,43155.12,43151.55,43153.84,0.264518,5
2025-01-01T00:37:23Z,43153.84,43156.21,43153.74,43155.70,0.328354,2
2025-01-01T00:37:24Z,43155.70,43161.76,43154.62,43161.41,0.586007,14
2025-01-01T00:37:25Z,43161.41,43166.89,43161.30,43166.63,0.707401,1
2025-01-01T00:37:26Z,43166.63,43167.45,43165.17,43167.15,0.341418,6
2025-01-01T00:37:27Z,43167.15,43168.41,43166.88,43168.04,0.237932,6
2025-01-01T00:37:28Z,43168.04,43169.00,43166.53,43167.70,0.392631,15
2025-01-01T00:37:29Z,43167.70,43172.68,43166.64,43171.94,0.522414,9
2025-01-01T00:37:30Z,43171.94,43173.32,43164.39,43165.83,0.254151,18
2025-01-01T00:37:31Z,43165.83,43166.63,43160.87,43161.03,0.518553,5
2025-01-01T00:37:32Z,43161.03,43164.35,43159.39,43163.14,0.194510,19
2025-01-01T00:37:33Z,43163.14,43164.37,43160.35,43161.76,0.721447,3
2025-01-01T00:37:34Z,43161.76,43162.66,43160.83,43162.08,0.270184,5
2025-01-01T00:37:35Z,43162.08,43167.96,43162.00,43166.53,0.349859,5
2025-01-01T00:37:36Z,43166.53,43168.51,43165.64,43167.41,0.412847,18
2025-01-01T00:37:37Z,43167.41,43167.55,43163.87,43165.18,0.331128,11
2025-01-01T00:37:38Z,43165.18,43172.39,43163.85,43171.04,1.214261,1
2025-01-01T00:37:39Z,43171.04,43172.37,43170.76,43172.23,0.652054,3
2025-01-01T00:37:40Z,43172.23,43175.90,43172.06,43174.26,0.623636,12
2025-01-01T00:37:41Z,43174.26,43175.55,43173.17,43175.45,0.231181,13
2025-01-01T00:37:42Z,43175.45,43176.32,43172.15,43172.65,0.297579,18
2025-01-01T00:37:43Z,43172.65,43174.05,43166.27,43167.31,0.416956,16
2025-01-01T00:37:44Z,43167.31,43167.57,43160.12,43161.54,0.227998,2
2025-01-01T00:37:45Z,43161.54,43162.08,43159.99,43160.80,0.372136,2
2025-01-01T00:37:46Z,43160.80,43161.25,43160.25,43160.68,0.300760,12
2025-01-01T00:37:47Z,43160.68,43161.93,43160.13,43160.61,0.227068,4
2025-01-01T00:37:48Z,43160.61,43161.33,43160.21,43160.87,0.234165,12
2025-01-01T00:37:49Z,43160.87,43163.44,43160.57,43162.90,0.469402,18
2025-01-01T00:37:50Z,43162.90,43163.00,43161.55,43161.91,0.215433,18
2025-01-01T00:37:51Z,43161.91,43162.70,43156.67,43157.28,0.700661,5
2025-01-01T00:37:52Z,43157.28,43159.95,43157.07,43159.87,0.209553,4
2025-01-01T00:37:53Z,43159.87,43162.56,43158.29,43161.02,0.485325,9
2025-01-01T00:37:54Z,43161.02,43166.87,43160.21,43165.93,0.568104,7
2025-01-01T00:37:55Z,43165.93,43166.58,43163.53,43164.84,0.377554,9
2025-01-01T00:37:56Z,43164.84,43165.42,43164.15,43165.18,0.642049,17
2025-01-01T00:37:57Z,43165.18,43171.41,43164.02,43170.42,0.513682,6
2025-01-01T00:37:58Z,43170.42,43178.85,43170.19,43177.55,1.258895,14
2025-01-01T00:37:59Z,43177.55,43178.92,43177.01,43178.55,0.477153,2
2025-01-01T00:38:00Z,43178.55,43181.59,43177.88,43179.89,0.223309,10
2025-01-01T00:38:01Z,43179.89,43181.39,43177.32,43177.40,0.330345,12
2025-01-01T00:38:02Z,43177.40,43177.90,43173.02,43174.68,0.207593,14
2025-01-01T00:38:03Z,43174.68,43180.55,43173.18,43179.18,0.485853,17
2025-01-01T00:38:04Z,43179.18,43180.52,43170.28,43171.54,0.285263,17
2025-01-01T00:38:05Z,43171.54,43172.44,43169.94,43171.37,0.182370,5
2025-01-01T00:38:06Z,43171.37,43171.48,43163.90,43165.09,0.127122,12
2025-01-01T00:38:07Z,43165.09,43166.90,43164.18,43166.57,0.698618,4
2025-01-01T00:38:08Z,43166.57,43166.81,43164.55,43164.72,0.154265,17
2025-01-01T00:38:09Z,43164.72,43167.11,43163.21,43166.31,0.365184,11
2025-01-01T00:38:10Z,43166.31,43168.07,43166.25,43167.37,0.903684,16
2025-01-01T00:38:11Z,43167.37,43168.76,43166.81,43167.45,0.308407,17
2025-01-01T00:38:12Z,43167.45,43172.56,43166.55,43171.31,0.700368,11
2025-01-01T00:38:13Z,43171.31,43172.66,43166.54,43166.74,0.166566,1
2025-01-01T00:38:14Z,43166.74,43167.75,43165.52,43166.94,0.277281,20
2025-01-01T00:38:15Z,43166.94,43170.59,43165.69,43170.38,0.419816,12
2025-01-01T00:38:16Z,43170.38,43171.91,43167.88,43168.01,0.585368,17
2025-01-01T00:38:17Z,43168.01,43169.12,43165.08,43166.07,0.228997,8
2025-01-01T00:38:18Z,43166.07,43167.52,43162.01,43163.02,0.533246,6
2025-01-01T00:38:19Z,43163.02,43166.88,43162.75,43165.48,0.199307,5
2025-01-01T00:38:20Z,43165.48,43169.53,43164.75,43168.95,1.190600,10
2025-01-01T00:38:21Z,43168.95,43170.94,43168.02,43170.72,0.327357,11
2025-01-01T00:38:22Z,43170.72,43172.17,43169.05,43171.43,0.568359,4
2025-01-01T00:38:23Z,43171.43,43179.78,43171.21,43179.58,0.242251,20
2025-01-01T00:38:24Z,43179.58,43185.66,43179.32,43185.61,0.347844,7
2025-01-01T00:38:25Z,43185.61,43189.56,43185.31,43189.38,0.186860,17
2025-01-01T00:38:26Z,43189.38,43189.57,43184.87,43185.95,0.348777,5
2025-01-01T00:38:27Z,43185.95,43187.03,43183.19,43184.89,0.549133,2
2025-01-01T00:38:28Z,43184.89,43188.13,43183.52,43187.17,0.308190,18
2025-01-01T00:38:29Z,43187.17,43190.48,43186.26,43189.21,0.332628,12
2025-01-01T00:38:30Z,43189.21,43189.39,43187.32,43187.96,0.644774,19
2025-01-01T00:38:31Z,43187.96,43188.96,43186.76,43186.87,0.240692,1
2025-01-01T00:38:32Z,43186.87,43187.31,43184.73,43186.12,0.299032,19
2025-01-01T00:38:33Z,43186.12,43187.20,43181.42,43182.50,0.628292,13
2025-01-01T00:38:34Z,43182.50,43187.47,43181.40,43186.04,0.883720,15
2025-01-01T00:38:35Z,43186.04,43186.19,43181.53,43182.43,0.443624,19
2025-01-01T00:38:36Z,43182.43,43182.73,43182.40,43182.55,0.368080,20
2025-01-01T00:38:37Z,43182.55,43187.10,43181.07,43185.73,0.516339,5
2025-01-01T00:38:38Z,43185.73,43187.39,43184.07,43186.42,0.161610,15
2025-01-01T00:38:39Z,43186.42,43187.74,43181.21,43182.89,0.178766,7
2025-01-01T00:38:40Z,43182.89,43184.14,43179.06,43179.96,0.177801,20
2025-01-01T00:38:41Z,43179.96,43189.31,43178.84,43187.74,0.750115,18
2025-01-01T00:38:42Z,43187.74,43189.81,43186.31,43188.12,0.134525,20
2025-01-01T00:38:43Z,43188.12,43188.87,43181.59,43181.64,1.233645,13
2025-01-01T00:38:44Z,43181.64,43182.81,43178.23,43178.98,0.145529,13
2025-01-01T00:38:45Z,43178.98,43179.97,43176.72,43177.32,1.585433,7
2025-01-01T00:38:46Z,43177.32,43182.08,43176.15,43181.35,0.443272,7
2025-01-01T00:38:47Z,43181.35,43183.20,43180.80,43181.80,0.546313,5
2025-01-01T00:38:48Z,43181.80,43182.79,43180.92,43182.25,0.411760,1
2025-01-01T00:38:49Z,43182.25,43189.93,43181.97,43188.49,0.494577,20
2025-01-01T00:38:50Z,43188.49,43188.60,43182.92,43183.02,0.369212,7
2025-01-01T00:38:51Z,43183.02,43189.07,43182.44,43187.66,0.391213,9
2025-01-01T00:38:52Z,43187.66,43192.14,43186.39,43192.02,0.192911,6
2025-01-01T00:38:53Z,43192.02,43195.94,43191.11,43194.45,0.510021,2
2025-01-01T00:38:54Z,43194.45,43194.94,43194.20,43194.23,0.365210,10
2025-01-01T00:38:55Z,43194.23,43194.91,43191.80,43191.90,0.833529,14
2025-01-01T00:38:56Z,43191.90,43192.49,43188.82,43189.78,1.115338,13
2025-01-01T00:38:57Z,43189.78,43191.37,43184.07,43185.77,0.844650,3
2025-01-01T00:38:58Z,43185.77,43186.86,43184.86,43186.18,0.379400,7
2025-01-01T00:38:59Z,43186.18,43186.52,43182.80,43183.58,0.654593,6
2025-01-01T00:39:00Z,43183.58,43186.61,43182.77,43185.92,0.729003,7
2025-01-01T00:39:01Z,43185.92,43194.82,43184.37,43193.36,0.266985,20
2025-01-01T00:39:02Z,43193.36,43195.57,43192.63,43195.19,0.274257,18
2025-01-01T00:39:03Z,43195.19,43199.16,43194.60,43198.17,0.242789,3
2025-01-01T00:39:04Z,43198.17,43202.15,43197.14,43201.62,0.464487,19
2025-01-01T00:39:05Z,43201.62,43202.18,43198.73,43198.97,0.306396,4
2025-01-01T00:39:06Z,43198.97,43199.06,43195.71,43196.49,0.931923,13
2025-01-01T00:39:07Z,43196.49,43198.57,43196.30,43197.76,0.207542,16
2025-01-01T00:39:08Z,43197.76,43198.08,43196.78,43196.80,0.353353,18
2025-01-01T00:39:09Z,43196.80,43198.23,43194.88,43195.05,0.212829,14
2025-01-01T00:39:10Z,43195.05,43198.46,43194.20,43197.19,0.608981,8
2025-01-01T00:39:11Z,43197.19,43202.42,43195.70,43201.11,0.100538,8
2025-01-01T00:39:12Z,43201.11,43206.29,43199.93,43205.99,0.313357,8
2025-01-01T00:39:13Z,43205.99,43206.98,43200.60,43201.38,0.550928,19
2025-01-01T00:39:14Z,43201.38,43202.07,43195.14,43196.74,0.196624,2
2025-01-01T00:39:15Z,43196.74,43197.43,43193.84,43195.46,0.251399,5
2025-01-01T00:39:16Z,43195.46,43197.26,43194.81,43195.94,0.150139,6
2025-01-01T00:39:17Z,43195.94,43196.25,43194.47,43195.56,0.308638,13
2025-01-01T00:39:18Z,43195.56,43195.58,43192.87,43193.45,0.481518,5
2025-01-01T00:39:19Z,43193.45,43194.71,43188.06,43188.96,0.487020,19
2025-01-01T00:39:20Z,43188.96,43193.60,43187.66,43191.93,0.888551,18
2025-01-01T00:39:21Z,43191.93,43196.78,43191.46,43195.44,0.315488,10
2025-01-01T00:39:22Z,43195.44,43198.62,43195.22,43196.97,0.455481,18
2025-01-01T00:39:23Z,43196.97,43197.72,43189.01,43190.26,0.471494,10
2025-01-01T00:39:24Z,43190.26,43191.30,43187.15,43188.61,0.454217,3
2025-01-01T00:39:25Z,43188.61,43189.73,43185.87,43186.36,0.335919,15
2025-01-01T00:39:26Z,43186.36,43192.11,43185.23,43192.05,0.223595,15
2025-01-01T00:39:27Z,43192.05,43192.73,43190.45,43190.79,0.720680,1
2025-01-01T00:39:28Z,43190.79,43195.00,43190.66,43194.34,0.521300,15
2025-01-01T00:39:29Z,43194.34,43195.20,43191.98,43192.90,0.327401,20
2025-01-01T00:39:30Z,43192.90,43193.76,43188.23,43189.69,0.512789,17
2025-01-01T00:39:31Z,43189.69,43190.68,43187.25,43188.10,1.023018,18
2025-01-01T00:39:32Z,43188.10,43188.79,43186.11,43186.44,0.423517,2
2025-01-01T00:39:33Z,43186.44,43191.55,43184.91,43190.35,1.063117,13
2025-01-01T00:39:34Z,43190.35,43191.54,43185.94,43186.92,0.243516,11
2025-01-01T00:39:35Z,43186.92,43191.74,43186.45,43190.27,0.207724,15
2025-01-01T00:39:36Z,43190.27,43190.88,43187.05,43188.46,0.225793,5
2025-01-01T00:39:37Z,43188.46,43189.64,43186.00,43187.28,0.529546,7
2025-01-01T00:39:38Z,43187.28,43188.27,43180.06,43180.24,0.329446,11
2025-01-01T00:39:39Z,43180.24,43180.56,43176.88,43178.20,0.168339,11
2025-01-01T00:39:40Z,43178.20,43178.83,43171.97,43172.36,0.400295,12
2025-01-01T00:39:41Z,43172.36,43172.40,43170.21,43171.33,0.533293,18
2025-01-01T00:39:42Z,43171.33,43172.63,43167.94,43169.28,0.287333,1
2025-01-01T00:39:43Z,43169.28,43173.93,43168.19,43173.60,0.134754,17
2025-01-01T00:39:44Z,43173.60,43175.73,43172.02,43174.29,0.407252,7
2025-01-01T00:39:45Z,43174.29,43175.19,43171.95,43173.17,0.405032,2
2025-01-01T00:39:46Z,43173.17,43176.75,43173.01,43176.07,0.301699,11
2025-01-01T00:39:47Z,43176.07,43178.20,43175.70,43177.85,0.176263,7
2025-01-01T00:39:48Z,43177.85,43181.01,43176.94,43179.55,0.248709,11
2025-01-01T00:39:49Z,43179.55,43179.63,43174.40,43176.06,0.099274,4
2025-01-01T00:39:50Z,43176.06,43176.21,43173.57,43174.91,0.234913,17
2025-01-01T00:39:51Z,43174.91,43182.42,43174.70,43180.78,0.427107,2
2025-01-01T00:39:52Z,43180.78,43182.09,43175.68,43175.69,0.314783,17
2025-01-01T00:39:53Z,43175.69,43176.60,43170.28,43171.76,0.314929,5
2025-01-01T00:39:54Z,43171.76,43177.47,43170.42,43175.89,0.072859,19
2025-01-01T00:39:55Z,43175.89,43176.76,43172.86,43174.23,0.340538,10
2025-01-01T00:39:56Z,43174.23,43176.76,43173.35,43175.54,0.220042,19
2025-01-01T00:39:57Z,43175.54,43176.27,43173.56,43174.19,0.555173,17
2025-01-01T00:39:58Z,43174.19,43181.85,43172.52,43180.28,0.587773,11
2025-01-01T00:39:59Z,43180.28,43186.70,43178.66,43186.66,0.240326,8
2025-01-01T00:40:00Z,43186.66,43186.79,43180.26,43180.67,0.742661,4
2025-01-01T00:40:01Z,43180.67,43182.05,43175.60,43177.10,0.319147,7
2025-01-01T00:40:02Z,43177.10,43178.37,43173.57,43174.75,0.283936,17
2025-01-01T00:40:03Z,43174.75,43175.66,43171.47,43172.13,0.362018,8
2025-01-01T00:40:04Z,43172.13,43173.49,43164.43,43165.67,0.271685,1
2025-01-01T00:40:05Z,43165.67,43169.41,43164.21,43169.19,0.609576,3
2025-01-01T00:40:06Z,43169.19,43169.49,43162.17,43163.11,1.032480,7
2025-01-01T00:40:07Z,43163.11,43164.55,43161.97,43162.19,0.781487,1
2025-01-01T00:40:08Z,43162.19,43162.29,43157.62,43158.90,0.732181,14
2025-01-01T00:40:09Z,43158.90,43159.35,43155.25,43155.53,0.520800,1
2025-01-01T00:40:10Z,43155.53,43156.22,43148.62,43149.84,0.436975,6
2025-01-01T00:40:11Z,43149.84,43151.39,43147.90,43148.73,0.200494,12
2025-01-01T00:40:12Z,43148.73,43148.97,43146.04,43146.31,0.391862,5
2025-01-01T00:40:13Z,43146.31,43147.37,43144.48,43145.36,0.752527,15
2025-01-01T00:40:14Z,43145.36,43145.78,43141.53,43141.71,0.427969,15
2025-01-01T00:40:15Z,43141.71,43146.38,43141.37,43145.20,0.910962,19
2025-01-01T00:40:16Z,43145.20,43146.85,43138.64,43140.24,0.307108,19
2025-01-01T00:40:17Z,43140.24,43141.89,43131.30,43132.87,0.242434,6
2025-01-01T00:40:18Z,43132.87,43139.72,43131.74,43138.34,0.450747,8
2025-01-01T00:40:19Z,43138.34,43139.30,43136.63,43136.87,0.609081,12
2025-01-01T00:40:20Z,43136.87,43137.87,43134.66,43136.20,0.207351,10
2025-01-01T00:40:21Z,43136.20,43136.66,43133.60,43133.81,0.526805,16
2025-01-01T00:40:22Z,43133.81,43135.62,43132.19,43135.12,0.399503,9
2025-01-01T00:40:23Z,43135.12,43142.35,43133.47,43141.35,0.365797,4
2025-01-01T00:40:24Z,43141.35,43144.45,43139.87,43143.03,0.344880,6
2025-01-01T00:40:25Z,43143.03,43147.27,43142.75,43146.51,0.238193,20
2025-01-01T00:40:26Z,43146.51,43147.37,43142.26,43142.46,0.339831,11
2025-01-01T00:40:27Z,43142.46,43143.61,43140.81,43143.37,0.814573,5
2025-01-01T00:40:28Z,43143.37,43148.49,43143.20,43147.19,0.558341,2
2025-01-01T00:40:29Z,43147.19,43153.31,43146.89,43152.36,0.575563,18
2025-01-01T00:40:30Z,43152.36,43153.55,43145.36,43146.16,0.375975,15
2025-01-01T00:40:31Z,43146.16,43147.29,43145.80,43146.68,0.739098,12
2025-01-01T00:40:32Z,43146.68,43147.09,43144.23,43145.16,0.254228,3
2025-01-01T00:40:33Z,43145.16,43146.56,43140.95,43142.42,0.395002,3
2025-01-01T00:40:34Z,43142.42,43144.07,43137.00,43138.51,0.857617,3
2025-01-01T00:40:35Z,43138.51,43144.37,43138.25,43144.33,0.496530,19
2025-01-01T00:40:36Z,43144.33,43144.55,43143.98,43144.39,0.371706,7
2025-01-01T00:40:37Z,43144.39,43145.96,43138.38,43139.37,0.506784,20
2025-01-01T00:40:38Z,43139.37,43141.43,43139.11,43141.35,0.252393,4
2025-01-01T00:40:39Z,43141.35,43142.85,43139.45,43141.04,0.718246,5
2025-01-01T00:40:40Z,43141.04,43146.86,43140.89,43145.57,0.210942,5
2025-01-01T00:40:41Z,43145.57,43148.78,43145.50,43147.21,0.408247,5
2025-01-01T00:40:42Z,43147.21,43148.80,43145.12,43146.43,0.584172,20
2025-01-01T00:40:43Z,43146.43,43147.72,43141.13,43141.50,0.295461,13
2025-01-01T00:40:44Z,43141.50,43142.64,43138.57,43139.36,0.479378,10
2025-01-01T00:40:45Z,43139.36,43143.39,43139.20,43143.09,0.304243,11
2025-01-01T00:40:46Z,43143.09,43146.62,43142.86,43146.05,0.419924,1
2025-01-01T00:40:47Z,43146.05,43147.50,43141.62,43142.64,0.482751,12
2025-01-01T00:40:48Z,43142.64,43142.76,43140.27,43141.55,0.728892,7
2025-01-01T00:40:49Z,43141.55,43142.79,43134.16,43135.14,0.201641,19
2025-01-01T00:40:50Z,43135.14,43135.31,43132.91,43134.58,0.234225,14
2025-01-01T00:40:51Z,43134.58,43136.29,43133.63,43134.68,0.388874,5
2025-01-01T00:40:52Z,43134.68,43136.57,43133.14,43134.95,0.331469,6
2025-01-01T00:40:53Z,43134.95,43136.64,43133.99,43135.82,0.292733,20
2025-01-01T00:40:54Z,43135.82,43142.65,43135.07,43140.99,0.281704,10
2025-01-01T00:40:55Z,43140.99,43144.06,43139.36,43143.14,0.224187,6
2025-01-01T00:40:56Z,43143.14,43146.79,43142.76,43145.69,0.473544,8
2025-01-01T00:40:57Z,43145.69,43145.79,43141.11,43141.14,0.106826,16
2025-01-01T00:40:58Z,43141.14,43141.92,43135.06,43135.79,0.706428,12
2025-01-01T00:40:59Z,43135.79,43136.56,43132.38,43133.55,0.726311,14
2025-01-01T00:41:00Z,43133.55,43138.68,43132.10,43138.25,0.355972,2
2025-01-01T00:41:01Z,43138.25,43139.21,43130.07,43131.40,0.621788,2
2025-01-01T00:41:02Z,43131.40,43134.41,43130.69,43133.14,0.241521,9
2025-01-01T00:41:03Z,43133.14,43140.56,43132.98,43139.24,0.201980,18
2025-01-01T00:41:04Z,43139.24,43142.14,43138.61,43140.88,0.160912,4
2025-01-01T00:41:05Z,43140.88,43142.77,43139.67,43141.09,0.353821,2
2025-01-01T00:41:06Z,43141.09,43141.19,43138.60,43139.83,0.536295,17
2025-01-01T00:41:07Z,43139.83,43142.43,43138.98,43140.78,0.239298,4
2025-01-01T00:41:08Z,43140.78,43141.76,43140.33,43140.64,0.389695,12
2025-01-01T00:41:09Z,43140.64,43141.41,43138.77,43139.98,0.433316,7
2025-01-01T00:41:10Z,43139.98,43140.67,43138.82,43140.32,0.548385,13
2025-01-01T00:41:11Z,43140.32,43140.92,43138.92,43140.65,0.345181,12
2025-01-01T00:41:12Z,43140.65,43142.08,43135.90,43137.11,0.359820,9
2025-01-01T00:41:13Z,43137.11,43137.80,43134.31,43135.04,0.288634,19
2025-01-01T00:41:14Z,43135.04,43136.60,43134.27,43136.40,0.359478,9
2025-01-01T00:41:15Z,43136.40,43136.75,43135.11,43136.68,0.281841,18
2025-01-01T00:41:16Z,43136.68,43143.05,43135.20,43141.74,0.429094,1
2025-01-01T00:41:17Z,43141.74,43144.63,43140.59,43144.08,0.477474,6
2025-01-01T00:41:18Z,43144.08,43149.60,43142.69,43148.73,0.132406,16
2025-01-01T00:41:19Z,43148.73,43151.66,43148.05,43150.06,0.516054,7
2025-01-01T00:41:20Z,43150.06,43150.27,43145.81,43146.53,0.523731,4
2025-01-01T00:41:21Z,43146.53,43148.16,43145.87,43147.45,0.237341,10
2025-01-01T00:41:22Z,43147.45,43152.32,43147.03,43151.33,1.213633,14
2025-01-01T00:41:23Z,43151.33,43151.65,43148.97,43150.24,0.447356,4
2025-01-01T00:41:24Z,43150.24,43154.10,43149.02,43154.07,0.561216,14
2025-01-01T00:41:25Z,43154.07,43155.54,43152.40,43154.05,0.248202,2
2025-01-01T00:41:26Z,43154.05,43154.98,43147.47,43147.77,0.153247,1
2025-01-01T00:41:27Z,43147.77,43148.86,43146.08,43147.22,0.093308,18
2025-01-01T00:41:28Z,43147.22,43153.51,43146.04,43153.10,0.607971,20
2025-01-01T00:41:29Z,43153.10,43153.97,43149.32,43151.04,0.765472,4
2025-01-01T00:41:30Z,43151.04,43154.39,43149.60,43154.36,0.370683,10
2025-01-01T00:41:31Z,43154.36,43157.91,43153.48,43156.31,0.598011,5
2025-01-01T00:41:32Z,43156.31,43158.95,43154.78,43157.32,0.395224,8
2025-01-01T00:41:33Z,43157.32,43159.86,43156.56,43158.87,0.371742,1
2025-01-01T00:41:34Z,43158.87,43158.92,43156.82,43157.76,0.332049,3
2025-01-01T00:41:35Z,43157.76,43159.19,43157.22,43157.53,0.199645,10
2025-01-01T00:41:36Z,43157.53,43158.65,43156.22,43156.36,0.530000,6
2025-01-01T00:41:37Z,43156.36,43157.40,43154.85,43155.58,0.506204,16
2025-01-01T00:41:38Z,43155.58,43155.66,43154.48,43155.10,0.470900,3
2025-01-01T00:41:39Z,43155.10,43156.46,43153.49,43154.22,0.322887,18
2025-01-01T00:41:40Z,43154.22,43154.71,43151.41,43152.95,0.532957,11
2025-01-01T00:41:41Z,43152.95,43154.20,43150.73,43151.35,0.573168,13
2025-01-01T00:41:42Z,43151.35,43155.00,43149.75,43153.47,0.468455,20
2025-01-01T00:41:43Z,43153.47,43158.69,43152.53,43158.04,0.338723,17
2025-01-01T00:41:44Z,43158.04,43158.06,43156.66,43157.63,0.698049,8
2025-01-01T00:41:45Z,43157.63,43160.30,43156.93,43158.87,0.383576,17
2025-01-01T00:41:46Z,43158.87,43168.88,43158.42,43167.54,0.277363,8
2025-01-01T00:41:47Z,43167.54,43168.60,43164.32,43165.84,0.241858,16
2025-01-01T00:41:48Z,43165.84,43172.77,43164.80,43171.86,0.424694,7
2025-01-01T00:41:49Z,43171.86,43181.49,43171.67,43180.26,0.153009,1
2025-01-01T00:41:50Z,43180.26,43180.34,43174.60,43175.03,0.388027,11
2025-01-01T00:41:51Z,43175.03,43184.61,43173.83,43183.26,0.637494,9
2025-01-01T00:41:52Z,43183.26,43183.80,43182.20,43183.35,0.309021,7
2025-01-01T00:41:53Z,43183.35,43184.56,43178.91,43179.39,0.561494,3
2025-01-01T00:41:54Z,43179.39,43180.93,43172.28,43173.89,0.170334,9
2025-01-01T00:41:55Z,43173.89,43176.05,43172.90,43175.02,0.383558,18
2025-01-01T00:41:56Z,43175.02,43181.97,43174.23,43180.48,0.386194,3
2025-01-01T00:41:57Z,43180.48,43181.24,43178.33,43179.04,0.259673,6
2025-01-01T00:41:58Z,43179.04,43184.99,43178.10,43183.35,0.456771,8
2025-01-01T00:41:59Z,43183.35,43184.56,43180.06,43181.06,0.534804,10
2025-01-01T00:42:00Z,43181.06,43184.74,43179.52,43184.20,0.215952,9
2025-01-01T00:42:01Z,43184.20,43185.89,43181.45,43182.84,0.168391,6
2025-01-01T00:42:02Z,43182.84,43188.66,43182.22,43187.83,0.483449,2
2025-01-01T00:42:03Z,43187.83,43190.41,43187.71,43189.80,0.423939,13
2025-01-01T00:42:04Z,43189.80,43191.38,43188.58,43190.67,0.189870,9
2025-01-01T00:42:05Z,43190.67,43194.21,43189.64,43193.64,0.507510,10
2025-01-01T00:42:06Z,43193.64,43193.95,43188.74,43189.24,0.310450,9
2025-01-01T00:42:07Z,43189.24,43190.60,43187.17,43188.45,0.400976,16
2025-01-01T00:42:08Z,43188.45,43189.20,43185.64,43185.92,0.113198,16
2025-01-01T00:42:09Z,43185.92,43188.94,43185.34,43187.64,0.806619,10
2025-01-01T00:42:10Z,43187.64,43189.05,43186.76,43188.72,0.432603,8
2025-01-01T00:42:11Z,43188.72,43190.20,43179.27,43179.91,0.230885,10
2025-01-01T00:42:12Z,43179.91,43183.83,43178.86,43183.25,0.615411,6
2025-01-01T00:42:13Z,43183.25,43185.96,43183.05,43184.49,0.255552,15
2025-01-01T00:42:14Z,43184.49,43185.68,43177.32,43178.14,0.257001,20
2025-01-01T00:42:15Z,43178.14,43181.44,43178.09,43181.32,0.222656,4
2025-01-01T00:42:16Z,43181.32,43189.22,43179.91,43187.74,0.128648,13
2025-01-01T00:42:17Z,43187.74,43193.69,43187.73,43191.98,0.778044,4
2025-01-01T00:42:18Z,43191.98,43192.66,43186.71,43187.94,0.542538,20
2025-01-01T00:42:19Z,43187.94,43190.19,43187.32,43188.67,0.611796,5
2025-01-01T00:42:20Z,43188.67,43192.73,43188.39,43192.28,0.163199,8
2025-01-01T00:42:21Z,43192.28,43193.55,43190.69,43192.22,0.290087,19
2025-01-01T00:42:22Z,43192.22,43193.14,43190.60,43191.40,0.181014,6
2025-01-01T00:42:23Z,43191.40,43192.04,43184.14,43184.60,0.374362,4
2025-01-01T00:42:24Z,43184.60,43185.00,43181.59,43182.15,0.129726,9
2025-01-01T00:42:25Z,43182.15,43182.24,43176.37,43177.53,0.337092,12
2025-01-01T00:42:26Z,43177.53,43178.81,43175.25,43176.75,0.250833,15
2025-01-01T00:42:27Z,43176.75,43181.10,43175.82,43180.60,0.857304,16
2025-01-01T00:42:28Z,43180.60,43182.01,43178.54,43178.68,0.291306,7
2025-01-01T00:42:29Z,43178.68,43179.10,43173.87,43174.37,0.589176,16
2025-01-01T00:42:30Z,43174.37,43176.97,43173.44,43175.53,0.887154,16
2025-01-01T00:42:31Z,43175.53,43178.18,43175.51,43177.57,0.442686,3
2025-01-01T00:42:32Z,43177.57,43178.00,43174.89,43174.96,0.246019,2
2025-01-01T00:42:33Z,43174.96,43175.63,43171.19,43172.91,0.676054,18
2025-01-01T00:42:34Z,43172.91,43173.99,43170.65,43171.04,0.562559,13
2025-01-01T00:42:35Z,43171.04,43171.84,43170.17,43171.08,0.372709,14
2025-01-01T00:42:36Z,43171.08,43171.51,43168.36,43169.95,0.624492,14
2025-01-01T00:42:37Z,43169.95,43171.86,43169.03,43171.77,0.500542,20
2025-01-01T00:42:38Z,43171.77,43173.88,43171.74,43172.93,0.707358,11
2025-01-01T00:42:39Z,43172.93,43178.70,43171.90,43178.28,0.210773,17
2025-01-01T00:42:40Z,43178.28,43179.21,43175.04,43175.70,0.471864,19
2025-01-01T00:42:41Z,43175.70,43176.61,43174.22,43175.56,0.415692,11
2025-01-01T00:42:42Z,43175.56,43177.01,43170.10,43170.28,0.917241,9
2025-01-01T00:42:43Z,43170.28,43171.63,43170.22,43170.98,0.513716,13
2025-01-01T00:42:44Z,43170.98,43171.21,43170.17,43170.52,0.391770,15
2025-01-01T00:42:45Z,43170.52,43170.80,43168.11,43168.51,0.392607,4
2025-01-01T00:42:46Z,43168.51,43174.49,43167.83,43173.63,0.379155,2
2025-01-01T00:42:47Z,43173.63,43174.86,43172.26,43173.23,0.275525,2
2025-01-01T00:42:48Z,43173.23,43173.93,43171.69,43173.53,0.309484,4
2025-01-01T00:42:49Z,43173.53,43173.61,43173.00,43173.05,0.760442,18
2025-01-01T00:42:50Z,43173.05,43178.89,43172.84,43177.66,0.460608,7
2025-01-01T00:42:51Z,43177.66,43178.30,43173.83,43175.21,0.221328,11
2025-01-01T00:42:52Z,43175.21,43175.36,43171.48,43172.36,0.173708,14
2025-01-01T00:42:53Z,43172.36,43173.72,43167.11,43168.43,0.386779,11
2025-01-01T00:42:54Z,43168.43,43169.45,43164.54,43165.97,0.117709,1
2025-01-01T00:42:55Z,43165.97,43173.28,43164.67,43172.49,0.536624,11
2025-01-01T00:42:56Z,43172.49,43177.71,43172.36,43176.95,0.472370,3
2025-01-01T00:42:57Z,43176.95,43177.08,43174.10,43175.66,0.317930,3
2025-01-01T00:42:58Z,43175.66,43177.20,43172.72,43174.35,0.343964,13
2025-01-01T00:42:59Z,43174.35,43175.41,43167.61,43169.20,0.519342,16
2025-01-01T00:43:00Z,43169.20,43174.51,43168.23,43173.88,0.234255,7
2025-01-01T00:43:01Z,43173.88,43175.69,43173.63,43175.18,0.393770,20
2025-01-01T00:43:02Z,43175.18,43175.98,43172.38,43172.41,0.245955,18
2025-01-01T00:43:03Z,43172.41,43175.29,43171.31,43174.39,0.183541,16
2025-01-01T00:43:04Z,43174.39,43174.77,43173.01,43174.72,0.334225,3
2025-01-01T00:43:05Z,43174.72,43175.70,43171.92,43173.47,0.523617,17
2025-01-01T00:43:06Z,43173.47,43173.79,43167.75,43167.77,0.631106,5
2025-01-01T00:43:07Z,43167.77,43169.40,43163.44,43164.79,0.288457,4
2025-01-01T00:43:08Z,43164.79,43166.01,43160.00,43161.16,0.236548,20
2025-01-01T00:43:09Z,43161.16,43162.47,43161.03,43162.15,0.439056,18
2025-01-01T00:43:10Z,43162.15,43164.38,43161.46,43163.15,0.240878,6
2025-01-01T00:43:11Z,43163.15,43164.65,43161.52,43164.40,0.260607,15
2025-01-01T00:43:12Z,43164.40,43171.29,43162.88,43169.57,0.496196,5
2025-01-01T00:43:13Z,43169.57,43171.60,43168.62,43171.42,0.471223,2
2025-01-01T00:43:14Z,43171.42,43171.64,43167.50,43168.96,0.187830,19
2025-01-01T00:43:15Z,43168.96,43174.50,43167.69,43174.47,0.197211,11
2025-01-01T00:43:16Z,43174.47,43175.26,43167.01,43167.37,0.356547,6
2025-01-01T00:43:17Z,43167.37,43173.56,43166.32,43171.97,0.301069,16
2025-01-01T00:43:18Z,43171.97,43173.38,43163.46,43163.77,0.652167,8
2025-01-01T00:43:19Z,43163.77,43163.93,43161.07,43162.78,0.623090,12
2025-01-01T00:43:20Z,43162.78,43165.47,43161.15,43164.11,0.601360,2
2025-01-01T00:43:21Z,43164.11,43164.38,43163.12,43164.22,0.237868,3
2025-01-01T00:43:22Z,43164.22,43164.89,43162.59,43164.27,0.641058,19
2025-01-01T00:43:23Z,43164.27,43164.50,43163.22,43163.29,0.310505,19
2025-01-01T00:43:24Z,43163.29,43164.95,43162.68,43163.12,0.179939,10
2025-01-01T00:43:25Z,43163.12,43164.70,43162.56,43163.73,0.144000,5
2025-01-01T00:43:26Z,43163.73,43165.73,43162.77,43165.02,0.264678,9
2025-01-01T00:43:27Z,43165.02,43166.67,43159.74,43161.06,0.278639,20
2025-01-01T00:43:28Z,43161.06,43162.47,43160.25,43162.23,0.452943,9
2025-01-01T00:43:29Z,43162.23,43162.80,43158.02,43158.29,0.741711,13
2025-01-01T00:43:30Z,43158.29,43159.54,43157.78,43158.73,0.521245,17
2025-01-01T00:43:31Z,43158.73,43162.27,43157.31,43160.95,0.342179,9
2025-01-01T00:43:32Z,43160.95,43165.95,43160.18,43164.67,0.405338,9
2025-01-01T00:43:33Z,43164.67,43166.21,43162.63,43164.24,0.370242,6
2025-01-01T00:43:34Z,43164.24,43165.83,43161.89,43163.27,0.775696,13
2025-01-01T00:43:35Z,43163.27,43167.16,43162.33,43165.58,0.315617,15
2025-01-01T00:43:36Z,43165.58,43171.16,43164.81,43170.48,0.315586,13
2025-01-01T00:43:37Z,43170.48,43170.75,43167.17,43168.14,0.613181,2
2025-01-01T00:43:38Z,43168.14,43169.41,43161.70,43162.85,0.799975,4
2025-01-01T00:43:39Z,43162.85,43164.77,43161.13,43163.13,0.344740,13
2025-01-01T00:43:40Z,43163.13,43171.59,43162.56,43171.55,0.433875,6
2025-01-01T00:43:41Z,43171.55,43177.57,43171.51,43177.28,0.494611,8
2025-01-01T00:43:42Z,43177.28,43177.75,43172.62,43174.25,1.011885,6
2025-01-01T00:43:43Z,43174.25,43182.18,43173.71,43181.42,0.657503,2
2025-01-01T00:43:44Z,43181.42,43189.63,43180.22,43188.31,0.208826,11
2025-01-01T00:43:45Z,43188.31,43189.19,43187.07,43188.82,0.456552,20
2025-01-01T00:43:46Z,43188.82,43188.90,43185.45,43186.89,0.198674,7
2025-01-01T00:43:47Z,43186.89,43191.54,43186.09,43190.08,0.689733,19
2025-01-01T00:43:48Z,43190.08,43191.66,43186.70,43187.85,0.657858,20
2025-01-01T00:43:49Z,43187.85,43188.23,43182.97,43183.50,0.466883,19
2025-01-01T00:43:50Z,43183.50,43185.82,43183.44,43185.60,0.301357,10
2025-01-01T00:43:51Z,43185.60,43188.62,43184.03,43187.54,0.255654,6
2025-01-01T00:43:52Z,43187.54,43192.06,43187.12,43190.75,0.286491,5
2025-01-01T00:43:53Z,43190.75,43190.83,43189.31,43189.98,0.187164,16
2025-01-01T00:43:54Z,43189.98,43191.10,43185.24,43185.92,0.180240,18
2025-01-01T00:43:55Z,43185.92,43186.03,43183.12,43184.06,0.525424,2
2025-01-01T00:43:56Z,43184.06,43187.13,43183.20,43185.41,0.445137,7
2025-01-01T00:43:57Z,43185.41,43186.55,43177.25,43178.24,0.238817,12
2025-01-01T00:43:58Z,43178.24,43179.42,43177.44,43178.74,0.235425,1
2025-01-01T00:43:59Z,43178.74,43178.87,43177.89,43178.26,0.320210,13
2025-01-01T00:44:00Z,43178.26,43179.90,43177.94,43178.97,0.117013,3
2025-01-01T00:44:01Z,43178.97,43180.54,43177.61,43180.51,0.436672,14
2025-01-01T00:44:02Z,43180.51,43181.55,43179.41,43181.13,0.892669,14
2025-01-01T00:44:03Z,43181.13,43182.01,43179.85,43180.27,0.205716,8
2025-01-01T00:44:04Z,43180.27,43181.66,43178.73,43181.64,0.625513,19
2025-01-01T00:44:05Z,43181.64,43182.61,43175.40,43177.10,0.274319,6
2025-01-01T00:44:06Z,43177.10,43182.12,43176.37,43181.10,0.613692,6
2025-01-01T00:44:07Z,43181.10,43184.95,43179.57,43183.57,0.225781,17
2025-01-01T00:44:08Z,43183.57,43186.35,43182.04,43184.65,0.445437,15
2025-01-01T00:44:09Z,43184.65,43187.35,43183.27,43187.15,0.537234,18
2025-01-01T00:44:10Z,43187.15,43190.64,43186.86,43189.43,0.507496,6
2025-01-01T00:44:11Z,43189.43,43189.68,43187.86,43189.57,0.376792,19
2025-01-01T00:44:12Z,43189.57,43195.47,43188.59,43194.28,0.286454,17
2025-01-01T00:44:13Z,43194.28,43195.04,43190.44,43191.36,0.267120,19
2025-01-01T00:44:14Z,43191.36,43195.49,43189.68,43194.69,0.146277,13
2025-01-01T00:44:15Z,43194.69,43195.65,43191.61,43191.68,0.307252,18
2025-01-01T00:44:16Z,43191.68,43193.74,43191.57,43192.25,0.360180,17
2025-01-01T00:44:17Z,43192.25,43192.73,43185.31,43186.97,0.309972,4
2025-01-01T00:44:18Z,43186.97,43190.15,43186.15,43188.90,0.259746,5
2025-01-01T00:44:19Z,43188.90,43189.98,43187.44,43188.89,0.184586,5
2025-01-01T00:44:20Z,43188.89,43190.81,43187.18,43190.32,0.602891,17
2025-01-01T00:44:21Z,43190.32,43192.20,43190.21,43190.91,0.462545,1
2025-01-01T00:44:22Z,43190.91,43192.18,43188.12,43188.34,0.188295,5
2025-01-01T00:44:23Z,43188.34,43188.72,43183.16,43183.39,0.532966,5
2025-01-01T00:44:24Z,43183.39,43184.03,43182.56,43182.89,0.369694,2
2025-01-01T00:44:25Z,43182.89,43183.60,43180.74,43181.42,1.284127,15
2025-01-01T00:44:26Z,43181.42,43182.98,43178.18,43178.34,0.381681,3
2025-01-01T00:44:27Z,43178.34,43180.43,43177.22,43179.25,0.850054,3
2025-01-01T00:44:28Z,43179.25,43180.30,43174.50,43175.99,0.114720,17
2025-01-01T00:44:29Z,43175.99,43177.05,43174.36,43176.67,0.878142,9
2025-01-01T00:44:30Z,43176.67,43180.11,43175.69,43179.83,0.508877,4
2025-01-01T00:44:31Z,43179.83,43182.00,43179.81,43181.27,0.193750,12
2025-01-01T00:44:32Z,43181.27,43186.51,43180.59,43184.84,0.219947,13
2025-01-01T00:44:33Z,43184.84,43186.45,43184.04,43184.18,0.374255,12
2025-01-01T00:44:34Z,43184.18,43189.80,43182.83,43188.46,0.308034,14
2025-01-01T00:44:35Z,43188.46,43190.87,43188.12,43190.19,0.178434,8
2025-01-01T00:44:36Z,43190.19,43190.71,43186.30,43187.34,0.258659,6
2025-01-01T00:44:37Z,43187.34,43188.01,43185.33,43186.08,0.631360,14
2025-01-01T00:44:38Z,43186.08,43187.35,43180.56,43182.19,0.394234,5
2025-01-01T00:44:39Z,43182.19,43182.36,43174.65,43175.54,0.406511,2
2025-01-01T00:44:40Z,43175.54,43177.25,43170.01,43171.65,0.542352,14
2025-01-01T00:44:41Z,43171.65,43171.90,43170.43,43170.84,0.149072,3
2025-01-01T00:44:42Z,43170.84,43171.50,43168.05,43168.43,0.478370,5
2025-01-01T00:44:43Z,43168.43,43169.67,43163.04,43164.70,0.259940,6
2025-01-01T00:44:44Z,43164.70,43169.30,43164.30,43168.67,0.438776,12
2025-01-01T00:44:45Z,43168.67,43170.13,43164.50,43165.42,0.323283,9
2025-01-01T00:44:46Z,43165.42,43166.67,43161.23,43162.81,0.396420,11
2025-01-01T00:44:47Z,43162.81,43167.05,43162.12,43165.67,0.705435,9
2025-01-01T00:44:48Z,43165.67,43167.26,43163.68,43164.25,0.324702,9
2025-01-01T00:44:49Z,43164.25,43164.93,43154.56,43156.16,0.433129,3
2025-01-01T00:44:50Z,43156.16,43156.38,43149.09,43149.39,0.150533,20
2025-01-01T00:44:51Z,43149.39,43154.17,43148.86,43152.59,0.214933,13
2025-01-01T00:44:52Z,43152.59,43154.21,43149.12,43150.11,0.208711,6
2025-01-01T00:44:53Z,43150.11,43150.31,43146.83,43148.42,0.285797,19
2025-01-01T00:44:54Z,43148.42,43151.83,43146.81,43151.16,0.404641,6
2025-01-01T00:44:55Z,43151.16,43152.79,43149.57,43150.98,0.286555,10
2025-01-01T00:44:56Z,43150.98,43153.23,43150.27,43152.45,0.472207,4
2025-01-01T00:44:57Z,43152.45,43160.27,43151.27,43158.61,0.441297,17
2025-01-01T00:44:58Z,43158.61,43162.28,43158.40,43162.03,0.286402,3
2025-01-01T00:44:59Z,43162.03,43163.62,43154.13,43155.09,0.302091,9
2025-01-01T00:45:00Z,43155.09,43156.63,43154.11,43154.98,0.351324,16
2025-01-01T00:45:01Z,43154.98,43155.07,43152.01,43152.87,0.425906,1
2025-01-01T00:45:02Z,43152.87,43153.46,43150.35,43151.63,0.354600,14
2025-01-01T00:45:03Z,43151.63,43152.32,43147.79,43148.35,0.222552,4
2025-01-01T00:45:04Z,43148.35,43149.78,43146.57,43148.17,0.437148,5
2025-01-01T00:45:05Z,43148.17,43150.82,43146.56,43149.41,0.266095,2
2025-01-01T00:45:06Z,43149.41,43157.86,43148.24,43157.02,0.454159,6
2025-01-01T00:45:07Z,43157.02,43159.37,43155.88,43158.82,0.205731,19
2025-01-01T00:45:08Z,43158.82,43160.40,43156.90,43158.22,0.393367,3
2025-01-01T00:45:09Z,43158.22,43159.07,43156.31,43156.60,0.313528,5
2025-01-01T00:45:10Z,43156.60,43158.16,43153.17,43153.21,0.493033,16
2025-01-01T00:45:11Z,43153.21,43154.57,43152.26,43152.86,0.112227,7
2025-01-01T00:45:12Z,43152.86,43154.80,43151.66,43154.54,0.521584,20
2025-01-01T00:45:13Z,43154.54,43154.87,43152.62,43153.52,0.294548,8
2025-01-01T00:45:14Z,43153.52,43154.43,43152.78,43154.04,0.459708,16
2025-01-01T00:45:15Z,43154.04,43154.73,43150.09,43151.65,0.399013,17
2025-01-01T00:45:16Z,43151.65,43154.85,43151.44,43153.49,0.370010,7
2025-01-01T00:45:17Z,43153.49,43158.54,43153.32,43157.88,0.364675,4
2025-01-01T00:45:18Z,43157.88,43159.30,43152.90,43153.85,0.789030,18
2025-01-01T00:45:19Z,43153.85,43160.26,43153.54,43159.17,0.906046,14
2025-01-01T00:45:20Z,43159.17,43165.30,43158.73,43164.38,0.331363,15
2025-01-01T00:45:21Z,43164.38,43165.68,43161.47,43161.69,0.167618,5
2025-01-01T00:45:22Z,43161.69,43164.24,43161.66,43163.01,0.155579,9
2025-01-01T00:45:23Z,43163.01,43166.35,43162.41,43164.63,0.449562,6
2025-01-01T00:45:24Z,43164.63,43169.14,43163.98,43168.44,0.756375,11
2025-01-01T00:45:25Z,43168.44,43176.68,43167.30,43176.31,0.578705,16
2025-01-01T00:45:26Z,43176.31,43179.52,43176.11,43178.05,0.195495,16
2025-01-01T00:45:27Z,43178.05,43178.52,43174.70,43176.13,0.217240,10
2025-01-01T00:45:28Z,43176.13,43177.41,43176.11,43176.85,0.438623,13
2025-01-01T00:45:29Z,43176.85,43177.16,43170.76,43171.90,0.371757,13
2025-01-01T00:45:30Z,43171.90,43173.59,43171.27,43172.78,0.256378,6
2025-01-01T00:45:31Z,43172.78,43180.85,43171.64,43179.23,0.301931,9
2025-01-01T00:45:32Z,43179.23,43184.86,43178.64,43183.27,0.345560,3
2025-01-01T00:45:33Z,43183.27,43186.25,43182.62,43185.25,0.338327,6
2025-01-01T00:45:34Z,43185.25,43192.47,43185.22,43191.07,0.429087,16
2025-01-01T00:45:35Z,43191.07,43193.56,43189.81,43193.40,0.221336,7
2025-01-01T00:45:36Z,43193.40,43194.14,43186.59,43188.23,0.308264,15
2025-01-01T00:45:37Z,43188.23,43188.93,43184.77,43185.75,0.377340,6
2025-01-01T00:45:38Z,43185.75,43186.15,43177.85,43179.23,0.337122,1
2025-01-01T00:45:39Z,43179.23,43183.31,43178.65,43182.52,0.423265,20
2025-01-01T00:45:40Z,43182.52,43183.13,43176.81,43178.26,0.470506,4
2025-01-01T00:45:41Z,43178.26,43180.00,43177.17,43178.96,0.317861,1
2025-01-01T00:45:42Z,43178.96,43185.29,43177.86,43183.93,0.269300,2
2025-01-01T00:45:43Z,43183.93,43184.20,43181.46,43182.48,0.323023,12
2025-01-01T00:45:44Z,43182.48,43184.19,43178.17,43179.15,0.227471,16
2025-01-01T00:45:45Z,43179.15,43179.47,43179.06,43179.46,0.351982,18
2025-01-01T00:45:46Z,43179.46,43180.15,43176.62,43177.61,1.042676,3
2025-01-01T00:45:47Z,43177.61,43178.33,43174.10,43174.45,0.659832,2
2025-01-01T00:45:48Z,43174.45,43174.49,43173.92,43174.34,0.300025,7
2025-01-01T00:45:49Z,43174.34,43177.52,43173.06,43177.45,0.347673,19
2025-01-01T00:45:50Z,43177.45,43178.65,43175.99,43176.37,0.160994,19
2025-01-01T00:45:51Z,43176.37,43177.18,43174.86,43174.87,0.323929,17
2025-01-01T00:45:52Z,43174.87,43177.14,43174.36,43176.79,1.182032,20
2025-01-01T00:45:53Z,43176.79,43181.30,43175.33,43179.83,0.658365,12
2025-01-01T00:45:54Z,43179.83,43183.76,43179.32,43183.01,0.302087,10
2025-01-01T00:45:55Z,43183.01,43184.30,43180.83,43181.36,0.293910,10
2025-01-01T00:45:56Z,43181.36,43182.97,43177.72,43178.74,0.489902,9
2025-01-01T00:45:57Z,43178.74,43179.22,43175.74,43176.52,0.570829,17
2025-01-01T00:45:58Z,43176.52,43178.12,43176.22,43176.91,0.205765,17
2025-01-01T00:45:59Z,43176.91,43177.64,43169.32,43170.37,0.271448,19
2025-01-01T00:46:00Z,43170.37,43171.70,43167.41,43168.31,0.560228,8
2025-01-01T00:46:01Z,43168.31,43168.58,43162.94,43164.61,0.350023,6
2025-01-01T00:46:02Z,43164.61,43167.65,43164.04,43167.58,0.749256,7
2025-01-01T00:46:03Z,43167.58,43170.70,43166.35,43170.21,0.328650,19
2025-01-01T00:46:04Z,43170.21,43174.34,43170.19,43174.27,0.248478,10
2025-01-01T00:46:05Z,43174.27,43179.36,43174.16,43178.71,0.470910,2
2025-01-01T00:46:06Z,43178.71,43180.84,43178.09,43179.57,0.533902,13
2025-01-01T00:46:07Z,43179.57,43181.06,43176.96,43177.87,0.406790,19
2025-01-01T00:46:08Z,43177.87,43178.69,43175.18,43175.18,0.157667,7
2025-01-01T00:46:09Z,43175.18,43181.26,43174.73,43179.63,0.310199,9
2025-01-01T00:46:10Z,43179.63,43180.01,43178.36,43178.49,0.843376,2
2025-01-01T00:46:11Z,43178.49,43180.01,43174.72,43175.23,0.150756,5
2025-01-01T00:46:12Z,43175.23,43178.33,43174.72,43177.80,0.285261,4
2025-01-01T00:46:13Z,43177.80,43178.39,43177.40,43178.36,0.332729,17
2025-01-01T00:46:14Z,43178.36,43179.50,43176.75,43178.10,0.381189,18
2025-01-01T00:46:15Z,43178.10,43179.46,43171.24,43172.94,0.575893,5
2025-01-01T00:46:16Z,43172.94,43174.24,43168.76,43170.42,0.333400,3
2025-01-01T00:46:17Z,43170.42,43171.22,43168.93,43169.25,0.305979,18
2025-01-01T00:46:18Z,43169.25,43172.69,43168.97,43171.05,0.734968,9
2025-01-01T00:46:19Z,43171.05,43171.78,43164.18,43164.76,0.344155,6
2025-01-01T00:46:20Z,43164.76,43167.07,43163.68,43165.36,0.282410,5
2025-01-01T00:46:21Z,43165.36,43167.69,43164.37,43167.12,0.241028,1
2025-01-01T00:46:22Z,43167.12,43167.88,43166.32,43167.45,0.474887,15
2025-01-01T00:46:23Z,43167.45,43170.50,43166.04,43169.87,0.335049,16
2025-01-01T00:46:24Z,43169.87,43171.28,43166.99,43167.42,0.476069,12
2025-01-01T00:46:25Z,43167.42,43167.78,43165.27,43165.40,0.579019,9
2025-01-01T00:46:26Z,43165.40,43166.32,43164.94,43166.27,0.157919,15
2025-01-01T00:46:27Z,43166.27,43166.39,43162.67,43164.35,0.482113,1
2025-01-01T00:46:28Z,43164.35,43170.63,43163.20,43168.98,0.303054,14
2025-01-01T00:46:29Z,43168.98,43173.54,43168.53,43171.96,0.678034,4
2025-01-01T00:46:30Z,43171.96,43175.00,43171.10,43173.90,0.591806,20
2025-01-01T00:46:31Z,43173.90,43175.26,43169.45,43170.49,0.201326,18
2025-01-01T00:46:32Z,43170.49,43172.25,43169.12,43171.49,0.356629,17
2025-01-01T00:46:33Z,43171.49,43179.94,43171.38,43178.44,0.176149,19
2025-01-01T00:46:34Z,43178.44,43179.76,43177.52,43179.08,0.461200,8
2025-01-01T00:46:35Z,43179.08,43179.92,43174.90,43175.98,0.307000,3
2025-01-01T00:46:36Z,43175.98,43176.58,43174.29,43176.43,0.201395,17
2025-01-01T00:46:37Z,43176.43,43176.50,43173.71,43174.92,1.025089,2
2025-01-01T00:46:38Z,43174.92,43176.47,43170.62,43171.41,0.305542,8
2025-01-01T00:46:39Z,43171.41,43172.44,43164.44,43165.05,0.448338,9
2025-01-01T00:46:40Z,43165.05,43165.60,43162.79,43164.32,0.575832,6
2025-01-01T00:46:41Z,43164.32,43164.62,43160.73,43162.30,0.226477,6
2025-01-01T00:46:42Z,43162.30,43164.49,43162.05,43163.99,0.310015,11
2025-01-01T00:46:43Z,43163.99,43167.98,43163.54,43166.80,0.622858,7
2025-01-01T00:46:44Z,43166.80,43171.57,43165.86,43171.56,0.268079,1
2025-01-01T00:46:45Z,43171.56,43172.09,43167.05,43168.50,0.367168,11
2025-01-01T00:46:46Z,43168.50,43173.74,43168.48,43172.35,0.261702,17
2025-01-01T00:46:47Z,43172.35,43173.83,43172.23,43172.64,0.512905,15
2025-01-01T00:46:48Z,43172.64,43174.20,43167.13,43167.82,0.425736,20
2025-01-01T00:46:49Z,43167.82,43169.20,43167.11,43167.92,0.255799,16
2025-01-01T00:46:50Z,43167.92,43168.20,43161.24,43161.86,0.220726,13
2025-01-01T00:46:51Z,43161.86,43163.46,43161.72,43162.86,0.499831,12
2025-01-01T00:46:52Z,43162.86,43163.12,43155.27,43155.77,0.276719,11
2025-01-01T00:46:53Z,43155.77,43156.31,43151.13,43152.28,0.402995,8
2025-01-01T00:46:54Z,43152.28,43152.55,43146.22,43146.92,1.010601,6
2025-01-01T00:46:55Z,43146.92,43148.26,43146.27,43148.19,0.303980,17
2025-01-01T00:46:56Z,43148.19,43153.83,43147.85,43153.25,0.471013,18
2025-01-01T00:46:57Z,43153.25,43155.43,43153.18,43154.12,0.241970,8
2025-01-01T00:46:58Z,43154.12,43155.53,43153.41,43153.55,0.314795,4
2025-01-01T00:46:59Z,43153.55,43154.78,43150.69,43151.62,0.736852,18
2025-01-01T00:47:00Z,43151.62,43153.16,43147.94,43148.12,0.428045,9
2025-01-01T00:47:01Z,43148.12,43149.10,43148.02,43148.14,0.290673,5
2025-01-01T00:47:02Z,43148.14,43150.90,43147.47,43150.83,0.415079,16
2025-01-01T00:47:03Z,43150.83,43151.59,43145.51,43146.42,0.267333,11
2025-01-01T00:47:04Z,43146.42,43148.94,43145.93,43147.84,0.480821,14
2025-01-01T00:47:05Z,43147.84,43149.09,43138.83,43139.21,0.428730,5
2025-01-01T00:47:06Z,43139.21,43139.46,43138.27,43138.40,0.248684,3
2025-01-01T00:47:07Z,43138.40,43138.48,43134.51,43134.79,0.280652,4
2025-01-01T00:47:08Z,43134.79,43135.68,43132.49,43134.01,0.801829,4
2025-01-01T00:47:09Z,43134.01,43138.07,43132.52,43137.91,0.282878,14
2025-01-01T00:47:10Z,43137.91,43138.97,43132.98,43133.97,0.393023,17
2025-01-01T00:47:11Z,43133.97,43135.18,43131.34,43131.53,0.384841,14
2025-01-01T00:47:12Z,43131.53,43132.72,43130.62,43130.91,0.383556,13
2025-01-01T00:47:13Z,43130.91,43131.56,43130.74,43131.24,0.313385,6
2025-01-01T00:47:14Z,43131.24,43132.79,43129.38,43130.33,0.790447,19
2025-01-01T00:47:15Z,43130.33,43138.79,43130.22,43137.46,0.336215,14
2025-01-01T00:47:16Z,43137.46,43140.18,43137.04,43139.42,0.832871,13
2025-01-01T00:47:17Z,43139.42,43143.86,43137.90,43142.69,0.268862,17
2025-01-01T00:47:18Z,43142.69,43143.78,43140.88,43141.82,0.320185,4
2025-01-01T00:47:19Z,43141.82,43143.69,43140.86,43143.27,0.720856,7
2025-01-01T00:47:20Z,43143.27,43147.96,43142.11,43147.70,1.120424,8
2025-01-01T00:47:21Z,43147.70,43148.30,43144.15,43144.48,0.777886,3
2025-01-01T00:47:22Z,43144.48,43146.09,43140.19,43141.46,0.491299,16
2025-01-01T00:47:23Z,43141.46,43142.31,43140.75,43140.91,1.103000,6
2025-01-01T00:47:24Z,43140.91,43149.22,43140.74,43148.29,0.440558,3
2025-01-01T00:47:25Z,43148.29,43149.65,43147.48,43148.58,0.339420,15
2025-01-01T00:47:26Z,43148.58,43153.81,43147.55,43153.20,0.425793,8
2025-01-01T00:47:27Z,43153.20,43154.14,43150.07,43150.58,0.435080,1
2025-01-01T00:47:28Z,43150.58,43157.24,43149.91,43156.98,0.319693,6
2025-01-01T00:47:29Z,43156.98,43158.03,43155.99,43156.60,0.510662,15
2025-01-01T00:47:30Z,43156.60,43158.97,43155.06,43157.95,0.239404,20
2025-01-01T00:47:31Z,43157.95,43163.00,43157.20,43162.53,0.604095,10
2025-01-01T00:47:32Z,43162.53,43167.01,43161.76,43165.96,0.417894,20
2025-01-01T00:47:33Z,43165.96,43166.67,43161.96,43162.98,0.319892,16
2025-01-01T00:47:34Z,43162.98,43164.62,43162.19,43163.27,0.505523,18
2025-01-01T00:47:35Z,43163.27,43163.91,43162.21,43163.31,0.407560,3
2025-01-01T00:47:36Z,43163.31,43166.52,43162.44,43165.47,0.275840,8
2025-01-01T00:47:37Z,43165.47,43165.97,43164.02,43164.81,0.656807,13
2025-01-01T00:47:38Z,43164.81,43165.73,43162.62,43164.34,0.239986,1
2025-01-01T00:47:39Z,43164.34,43164.80,43159.53,43160.08,0.497035,17
2025-01-01T00:47:40Z,43160.08,43163.07,43159.78,43162.51,0.263179,15
2025-01-01T00:47:41Z,43162.51,43162.58,43155.19,43155.88,0.583654,1
2025-01-01T00:47:42Z,43155.88,43157.95,43155.44,43157.03,0.396514,1
2025-01-01T00:47:43Z,43157.03,43157.99,43154.26,43155.19,0.538457,2
2025-01-01T00:47:44Z,43155.19,43156.60,43152.81,43153.76,0.541984,9
2025-01-01T00:47:45Z,43153.76,43157.77,43152.48,43156.33,0.219135,8
2025-01-01T00:47:46Z,43156.33,43164.93,43155.69,43164.16,0.202997,13
2025-01-01T00:47:47Z,43164.16,43166.18,43163.46,43164.86,0.674061,20
2025-01-01T00:47:48Z,43164.86,43166.44,43161.78,43163.42,0.330560,9
2025-01-01T00:47:49Z,43163.42,43166.56,43163.09,43165.24,0.327771,10
2025-01-01T00:47:50Z,43165.24,43166.10,43160.31,43161.14,0.197861,14
2025-01-01T00:47:51Z,43161.14,43164.50,43159.76,43162.99,0.245498,4
2025-01-01T00:47:52Z,43162.99,43166.11,43161.35,43165.60,0.215755,2
2025-01-01T00:47:53Z,43165.60,43167.08,43165.13,43166.40,0.291403,13
2025-01-01T00:47:54Z,43166.40,43168.30,43166.33,43167.78,0.435744,16
2025-01-01T00:47:55Z,43167.78,43168.02,43163.12,43164.73,0.487689,6
2025-01-01T00:47:56Z,43164.73,43165.43,43163.12,43165.02,0.440191,1
2025-01-01T00:47:57Z,43165.02,43165.76,43164.49,43165.32,0.602668,10
2025-01-01T00:47:58Z,43165.32,43166.35,43163.04,43164.08,0.311945,8
2025-01-01T00:47:59Z,43164.08,43165.00,43160.71,43161.25,0.364152,5
2025-01-01T00:48:00Z,43161.25,43161.63,43159.65,43159.94,0.282181,3
2025-01-01T00:48:01Z,43159.94,43166.95,43159.82,43165.34,0.523584,5
2025-01-01T00:48:02Z,43165.34,43165.62,43161.42,43162.75,0.393800,8
2025-01-01T00:48:03Z,43162.75,43163.82,43158.91,43159.87,0.481122,11
2025-01-01T00:48:04Z,43159.87,43162.56,43158.70,43162.04,0.232440,11
2025-01-01T00:48:05Z,43162.04,43166.22,43161.84,43166.04,0.369339,20
2025-01-01T00:48:06Z,43166.04,43167.71,43165.95,43167.13,0.306959,15
2025-01-01T00:48:07Z,43167.13,43168.55,43166.67,43167.76,0.255399,7
2025-01-01T00:48:08Z,43167.76,43168.52,43165.65,43166.56,0.802191,4
2025-01-01T00:48:09Z,43166.56,43169.48,43165.10,43168.04,0.168803,19
2025-01-01T00:48:10Z,43168.04,43169.50,43164.39,43165.43,0.371327,7
2025-01-01T00:48:11Z,43165.43,43166.30,43165.05,43166.08,0.454987,17
2025-01-01T00:48:12Z,43166.08,43175.24,43166.02,43174.51,0.350935,6
2025-01-01T00:48:13Z,43174.51,43175.91,43168.78,43169.74,0.315670,18
2025-01-01T00:48:14Z,43169.74,43171.17,43168.49,43169.25,0.310865,6
2025-01-01T00:48:15Z,43169.25,43169.51,43168.05,43169.30,0.230858,7
2025-01-01T00:48:16Z,43169.30,43175.11,43167.91,43174.28,0.372068,19
2025-01-01T00:48:17Z,43174.28,43175.77,43171.16,43171.77,0.447542,9
2025-01-01T00:48:18Z,43171.77,43175.78,43171.01,43174.51,0.324963,13
2025-01-01T00:48:19Z,43174.51,43175.53,43171.42,43171.53,0.299438,13
2025-01-01T00:48:20Z,43171.53,43175.03,43170.88,43174.59,0.517655,11
2025-01-01T00:48:21Z,43174.59,43178.22,43173.57,43178.13,0.396859,2
2025-01-01T00:48:22Z,43178.13,43182.31,43177.30,43181.35,0.423890,8
2025-01-01T00:48:23Z,43181.35,43185.52,43180.17,43184.09,0.316219,3
2025-01-01T00:48:24Z,43184.09,43184.99,43179.07,43180.63,0.246313,9
2025-01-01T00:48:25Z,43180.63,43181.90,43178.83,43179.72,0.381986,20
2025-01-01T00:48:26Z,43179.72,43180.48,43177.99,43178.96,0.605341,19
2025-01-01T00:48:27Z,43178.96,43179.56,43173.53,43174.43,0.212842,19
2025-01-01T00:48:28Z,43174.43,43175.57,43169.08,43170.23,0.415418,5
2025-01-01T00:48:29Z,43170.23,43171.72,43169.29,43171.20,1.335082,15
2025-01-01T00:48:30Z,43171.20,43175.87,43169.90,43174.27,0.495112,9
2025-01-01T00:48:31Z,43174.27,43175.87,43170.56,43171.96,1.236003,7
2025-01-01T00:48:32Z,43171.96,43172.24,43165.01,43166.73,0.259655,1
2025-01-01T00:48:33Z,43166.73,43169.70,43165.86,43169.34,0.362234,9
2025-01-01T00:48:34Z,43169.34,43172.28,43167.92,43172.26,0.626908,19
2025-01-01T00:48:35Z,43172.26,43173.35,43170.89,43171.18,0.194700,2
2025-01-01T00:48:36Z,43171.18,43172.67,43168.22,43169.81,0.404064,12
2025-01-01T00:48:37Z,43169.81,43171.36,43168.38,43171.21,0.266165,1
2025-01-01T00:48:38Z,43171.21,43172.59,43169.88,43171.29,0.440451,13
2025-01-01T00:48:39Z,43171.29,43171.33,43166.12,43167.41,0.239928,19
2025-01-01T00:48:40Z,43167.41,43171.15,43167.19,43169.67,0.414757,5
2025-01-01T00:48:41Z,43169.67,43172.02,43169.13,43170.90,0.429006,4
2025-01-01T00:48:42Z,43170.90,43174.33,43170.33,43174.25,0.585300,15
2025-01-01T00:48:43Z,43174.25,43174.61,43169.78,43169.90,0.235988,17
2025-01-01T00:48:44Z,43169.90,43170.60,43164.92,43166.50,0.375569,19
2025-01-01T00:48:45Z,43166.50,43166.98,43165.89,43166.56,0.195016,11
2025-01-01T00:48:46Z,43166.56,43177.33,43165.81,43175.88,0.347674,11
2025-01-01T00:48:47Z,43175.88,43177.37,43172.98,43174.40,0.237874,6
2025-01-01T00:48:48Z,43174.40,43174.60,43169.91,43170.57,0.489790,17
2025-01-01T00:48:49Z,43170.57,43176.88,43169.75,43175.31,0.178605,13
2025-01-01T00:48:50Z,43175.31,43175.74,43172.30,43172.61,0.117456,14
2025-01-01T00:48:51Z,43172.61,43174.41,43171.07,43174.28,0.521515,11
2025-01-01T00:48:52Z,43174.28,43175.20,43171.29,43172.70,0.676249,9
2025-01-01T00:48:53Z,43172.70,43172.77,43170.27,43170.92,0.247295,18
2025-01-01T00:48:54Z,43170.92,43172.61,43169.09,43169.11,0.216943,14
2025-01-01T00:48:55Z,43169.11,43169.34,43167.05,43168.54,0.567538,9
2025-01-01T00:48:56Z,43168.54,43169.45,43165.81,43166.81,0.539801,1
2025-01-01T00:48:57Z,43166.81,43167.81,43162.39,43163.38,0.169745,9
2025-01-01T00:48:58Z,43163.38,43164.52,43159.99,43161.04,0.395451,18
2025-01-01T00:48:59Z,43161.04,43162.36,43154.08,43154.56,0.439851,9
2025-01-01T00:49:00Z,43154.56,43159.12,43153.08,43158.52,0.205015,15
2025-01-01T00:49:01Z,43158.52,43158.75,43153.45,43154.30,0.257464,1
2025-01-01T00:49:02Z,43154.30,43155.25,43151.01,43151.98,0.203130,9
2025-01-01T00:49:03Z,43151.98,43153.32,43147.80,43149.13,0.207253,7
2025-01-01T00:49:04Z,43149.13,43150.68,43143.31,43144.18,0.228446,12
2025-01-01T00:49:05Z,43144.18,43145.84,43140.62,43141.00,0.250768,16
2025-01-01T00:49:06Z,43141.00,43141.17,43133.57,43134.80,0.467106,4
2025-01-01T00:49:07Z,43134.80,43138.42,43134.20,43136.80,0.379040,14
2025-01-01T00:49:08Z,43136.80,43139.16,43136.57,43138.94,0.288675,2
2025-01-01T00:49:09Z,43138.94,43140.53,43138.36,43138.48,0.286324,2
2025-01-01T00:49:10Z,43138.48,43139.28,43137.91,43137.92,0.466255,2
2025-01-01T00:49:11Z,43137.92,43139.14,43133.84,43134.69,0.479736,4
2025-01-01T00:49:12Z,43134.69,43135.33,43131.44,43132.79,0.833548,2
2025-01-01T00:49:13Z,43132.79,43133.86,43130.71,43131.95,0.390090,13
2025-01-01T00:49:14Z,43131.95,43139.77,43131.59,43138.78,0.366088,5
2025-01-01T00:49:15Z,43138.78,43139.10,43137.99,43138.01,0.933703,7
2025-01-01T00:49:16Z,43138.01,43139.64,43136.94,43138.71,0.207268,17
2025-01-01T00:49:17Z,43138.71,43140.82,43137.53,43140.08,0.230994,5
2025-01-01T00:49:18Z,43140.08,43141.20,43136.33,43136.43,0.201066,8
2025-01-01T00:49:19Z,43136.43,43137.11,43133.93,43135.32,0.451247,12
2025-01-01T00:49:20Z,43135.32,43139.15,43135.30,43138.15,0.340847,1
2025-01-01T00:49:21Z,43138.15,43146.43,43137.29,43146.33,0.388597,15
2025-01-01T00:49:22Z,43146.33,43147.43,43144.98,43147.10,0.431638,3
2025-01-01T00:49:23Z,43147.10,43151.01,43146.17,43150.82,0.330629,17
2025-01-01T00:49:24Z,43150.82,43151.49,43149.19,43149.43,0.472311,14
2025-01-01T00:49:25Z,43149.43,43150.99,43147.71,43149.63,0.246426,3
2025-01-01T00:49:26Z,43149.63,43150.07,43148.78,43149.21,1.173154,10
2025-01-01T00:49:27Z,43149.21,43150.71,43147.60,43149.23,0.224478,3
2025-01-01T00:49:28Z,43149.23,43149.82,43148.46,43148.83,0.500325,5
2025-01-01T00:49:29Z,43148.83,43150.48,43146.72,43148.30,0.172201,15
2025-01-01T00:49:30Z,43148.30,43149.73,43147.24,43149.42,0.270854,12
2025-01-01T00:49:31Z,43149.42,43149.97,43145.25,43145.64,0.215200,15
2025-01-01T00:49:32Z,43145.64,43146.60,43141.60,43143.27,0.453041,12
2025-01-01T00:49:33Z,43143.27,43144.70,43140.86,43141.48,0.382389,2
2025-01-01T00:49:34Z,43141.48,43143.70,43140.93,43142.55,0.888253,3
2025-01-01T00:49:35Z,43142.55,43144.00,43141.81,43143.71,0.705630,18
2025-01-01T00:49:36Z,43143.71,43146.61,43142.34,43145.66,0.755918,14
2025-01-01T00:49:37Z,43145.66,43145.87,43143.06,43143.86,0.367966,15
2025-01-01T00:49:38Z,43143.86,43144.26,43142.17,43143.59,0.388332,19
2025-01-01T00:49:39Z,43143.59,43147.86,43143.53,43147.67,0.114899,5
2025-01-01T00:49:40Z,43147.67,43150.22,43146.69,43150.14,0.555347,7
2025-01-01T00:49:41Z,43150.14,43152.27,43148.48,43151.59,0.701919,11
2025-01-01T00:49:42Z,43151.59,43154.78,43150.84,43154.32,0.151915,17
2025-01-01T00:49:43Z,43154.32,43154.59,43153.53,43153.92,0.723945,9
2025-01-01T00:49:44Z,43153.92,43155.39,43151.81,43152.10,0.684088,5
2025-01-01T00:49:45Z,43152.10,43154.36,43151.48,43152.87,0.109729,7
2025-01-01T00:49:46Z,43152.87,43154.48,43152.22,43153.53,0.981982,13
2025-01-01T00:49:47Z,43153.53,43154.31,43152.47,43153.49,0.397732,19
2025-01-01T00:49:48Z,43153.49,43155.41,43152.12,43155.21,0.599475,5
2025-01-01T00:49:49Z,43155.21,43156.62,43154.91,43155.15,0.342444,19
2025-01-01T00:49:50Z,43155.15,43156.15,43150.46,43151.25,0.446765,1
2025-01-01T00:49:51Z,43151.25,43152.19,43142.58,43143.84,0.737202,16
2025-01-01T00:49:52Z,43143.84,43147.29,43143.80,43147.22,0.620224,19
2025-01-01T00:49:53Z,43147.22,43148.11,43145.99,43147.17,0.288152,4
2025-01-01T00:49:54Z,43147.17,43147.94,43145.09,43146.69,0.376037,3
2025-01-01T00:49:55Z,43146.69,43147.83,43143.14,43144.10,0.316247,17
2025-01-01T00:49:56Z,43144.10,43148.28,43143.84,43146.89,0.802613,3
2025-01-01T00:49:57Z,43146.89,43150.97,43146.33,43150.34,0.251313,1
2025-01-01T00:49:58Z,43150.34,43151.34,43146.11,43147.14,0.265420,15
2025-01-01T00:49:59Z,43147.14,43148.45,43147.05,43148.20,0.910122,18
2025-01-01T00:50:00Z,43148.20,43152.87,43147.96,43152.61,0.239251,10
2025-01-01T00:50:01Z,43152.61,43154.28,43149.48,43149.74,0.387925,3
2025-01-01T00:50:02Z,43149.74,43151.30,43143.61,43144.42,0.541902,7
2025-01-01T00:50:03Z,43144.42,43145.19,43144.14,43144.47,0.646200,15
2025-01-01T00:50:04Z,43144.47,43147.57,43144.31,43147.29,0.393111,18
2025-01-01T00:50:05Z,43147.29,43147.76,43146.57,43147.56,0.435070,19
2025-01-01T00:50:06Z,43147.56,43154.13,43147.36,43152.59,0.173718,6
2025-01-01T00:50:07Z,43152.59,43153.49,43152.13,43153.11,0.338565,5
2025-01-01T00:50:08Z,43153.11,43153.90,43149.13,43149.18,0.781432,6
2025-01-01T00:50:09Z,43149.18,43149.52,43145.99,43147.55,0.413582,3
2025-01-01T00:50:10Z,43147.55,43151.51,43146.63,43151.06,0.296786,14
2025-01-01T00:50:11Z,43151.06,43155.32,43150.49,43154.57,0.263148,2
2025-01-01T00:50:12Z,43154.57,43157.72,43154.32,43157.42,0.566316,1
2025-01-01T00:50:13Z,43157.42,43157.60,43156.67,43156.83,0.257602,7
2025-01-01T00:50:14Z,43156.83,43161.13,43156.38,43159.67,0.381223,11
2025-01-01T00:50:15Z,43159.67,43160.98,43157.66,43158.95,0.203422,6
2025-01-01T00:50:16Z,43158.95,43159.83,43149.44,43150.90,0.489233,12
2025-01-01T00:50:17Z,43150.90,43158.73,43149.55,43157.12,0.298789,20
2025-01-01T00:50:18Z,43157.12,43162.97,43156.18,43162.27,0.390082,20
2025-01-01T00:50:19Z,43162.27,43162.78,43156.48,43157.29,0.228492,1
2025-01-01T00:50:20Z,43157.29,43166.56,43156.41,43166.37,0.368245,10
2025-01-01T00:50:21Z,43166.37,43170.13,43166.15,43168.45,0.295215,7
2025-01-01T00:50:22Z,43168.45,43169.17,43166.08,43167.35,0.325287,4
2025-01-01T00:50:23Z,43167.35,43170.33,43166.77,43170.07,0.780251,20
2025-01-01T00:50:24Z,43170.07,43170.68,43168.78,43169.77,0.444671,10
2025-01-01T00:50:25Z,43169.77,43170.88,43166.34,43166.49,0.138101,20
2025-01-01T00:50:26Z,43166.49,43167.44,43163.24,43164.16,0.356542,14
2025-01-01T00:50:27Z,43164.16,43164.61,43163.77,43164.21,0.755841,17
2025-01-01T00:50:28Z,43164.21,43167.34,43164.09,43167.03,0.380946,14
2025-01-01T00:50:29Z,43167.03,43167.96,43162.36,43164.08,0.200303,1
2025-01-01T00:50:30Z,43164.08,43164.25,43163.05,43163.12,0.320599,9
2025-01-01T00:50:31Z,43163.12,43164.50,43161.87,43164.35,0.444060,20
2025-01-01T00:50:32Z,43164.35,43164.36,43162.51,43164.14,0.366714,17
2025-01-01T00:50:33Z,43164.14,43164.80,43158.15,43159.86,0.445125,15
2025-01-01T00:50:34Z,43159.86,43160.90,43153.76,43155.41,0.524096,16
2025-01-01T00:50:35Z,43155.41,43156.70,43152.89,43153.91,0.338817,14
2025-01-01T00:50:36Z,43153.91,43160.89,43152.60,43159.36,0.543448,12
2025-01-01T00:50:37Z,43159.36,43162.11,43158.29,43160.93,0.461665,17
2025-01-01T00:50:38Z,43160.93,43161.42,43158.94,43160.63,0.346433,12
2025-01-01T00:50:39Z,43160.63,43166.72,43159.55,43165.13,0.299309,6
2025-01-01T00:50:40Z,43165.13,43166.72,43163.91,43164.87,0.929452,17
2025-01-01T00:50:41Z,43164.87,43166.16,43163.29,43164.10,0.668480,2
2025-01-01T00:50:42Z,43164.10,43165.74,43163.02,43163.20,0.154462,5
2025-01-01T00:50:43Z,43163.20,43163.43,43159.01,43159.36,0.516603,13
2025-01-01T00:50:44Z,43159.36,43159.57,43158.93,43159.27,0.307663,15
2025-01-01T00:50:45Z,43159.27,43164.74,43158.30,43163.22,0.250980,1
2025-01-01T00:50:46Z,43163.22,43163.85,43160.03,43160.64,0.691050,1
2025-01-01T00:50:47Z,43160.64,43160.93,43155.27,43155.72,0.544354,5
2025-01-01T00:50:48Z,43155.72,43156.77,43154.04,43156.45,0.168236,13
2025-01-01T00:50:49Z,43156.45,43160.80,43155.13,43159.76,0.490901,9
2025-01-01T00:50:50Z,43159.76,43160.43,43155.81,43156.57,0.435084,20
2025-01-01T00:50:51Z,43156.57,43160.03,43156.15,43158.84,0.231852,5
2025-01-01T00:50:52Z,43158.84,43159.96,43158.14,43159.76,0.300440,3
2025-01-01T00:50:53Z,43159.76,43160.33,43158.16,43160.32,0.251358,17
2025-01-01T00:50:54Z,43160.32,43161.30,43158.85,43161.03,0.650565,20
2025-01-01T00:50:55Z,43161.03,43161.96,43153.33,43153.72,0.186434,10
2025-01-01T00:50:56Z,43153.72,43153.73,43149.65,43151.22,0.614169,3
2025-01-01T00:50:57Z,43151.22,43152.63,43150.56,43151.11,0.279991,12
2025-01-01T00:50:58Z,43151.11,43155.15,43149.79,43153.90,0.489440,8
2025-01-01T00:50:59Z,43153.90,43154.30,43150.57,43152.07,0.425939,10
2025-01-01T00:51:00Z,43152.07,43152.63,43149.14,43150.56,0.577437,16
2025-01-01T00:51:01Z,43150.56,43151.28,43148.70,43150.02,0.202360,19
2025-01-01T00:51:02Z,43150.02,43151.75,43149.21,43151.54,0.392761,4
2025-01-01T00:51:03Z,43151.54,43151.77,43143.54,43144.87,0.312794,8
2025-01-01T00:51:04Z,43144.87,43145.73,43139.73,43139.90,0.319896,2
2025-01-01T00:51:05Z,43139.90,43141.21,43135.22,43136.62,0.352633,13
2025-01-01T00:51:06Z,43136.62,43139.93,43135.31,43139.42,0.586424,9
2025-01-01T00:51:07Z,43139.42,43140.43,43138.63,43139.70,0.227805,15
2025-01-01T00:51:08Z,43139.70,43142.83,43138.84,43142.72,0.217428,9
2025-01-01T00:51:09Z,43142.72,43146.25,43141.89,43144.95,0.347050,7
2025-01-01T00:51:10Z,43144.95,43149.04,43144.03,43147.35,0.304747,10
2025-01-01T00:51:11Z,43147.35,43149.90,43146.79,43149.03,0.352423,2
2025-01-01T00:51:12Z,43149.03,43150.53,43147.73,43150.08,0.480028,5
2025-01-01T00:51:13Z,43150.08,43153.37,43149.76,43151.83,0.375255,2
2025-01-01T00:51:14Z,43151.83,43152.06,43147.53,43148.30,1.064331,5
2025-01-01T00:51:15Z,43148.30,43150.22,43148.19,43149.40,0.528329,11
2025-01-01T00:51:16Z,43149.40,43152.05,43148.57,43150.46,0.475250,5
2025-01-01T00:51:17Z,43150.46,43154.98,43149.55,43154.60,1.174176,20
2025-01-01T00:51:18Z,43154.60,43162.69,43153.23,43161.49,0.462302,13
2025-01-01T00:51:19Z,43161.49,43164.81,43161.09,43163.79,0.207964,12
2025-01-01T00:51:20Z,43163.79,43164.78,43163.75,43164.19,0.418312,5
2025-01-01T00:51:21Z,43164.19,43165.00,43160.49,43161.48,0.133654,14
2025-01-01T00:51:22Z,43161.48,43167.66,43160.31,43167.12,0.520324,2
2025-01-01T00:51:23Z,43167.12,43168.39,43164.40,43165.26,0.708081,11
2025-01-01T00:51:24Z,43165.26,43166.73,43163.05,43164.07,0.554313,17
2025-01-01T00:51:25Z,43164.07,43166.13,43162.61,43165.68,0.319144,5
2025-01-01T00:51:26Z,43165.68,43165.79,43163.06,43163.36,0.474465,20
2025-01-01T00:51:27Z,43163.36,43164.15,43162.51,43163.95,0.342969,10
2025-01-01T00:51:28Z,43163.95,43168.45,43163.45,43167.80,0.597708,18
2025-01-01T00:51:29Z,43167.80,43174.12,43167.16,43173.72,0.535040,6
2025-01-01T00:51:30Z,43173.72,43176.51,43172.06,43175.79,0.419252,4
2025-01-01T00:51:31Z,43175.79,43177.85,43174.26,43176.13,0.234723,16
2025-01-01T00:51:32Z,43176.13,43177.59,43174.63,43176.64,0.255634,1
2025-01-01T00:51:33Z,43176.64,43178.24,43174.11,43175.50,0.298045,11
2025-01-01T00:51:34Z,43175.50,43176.01,43171.84,43172.18,0.321027,4
2025-01-01T00:51:35Z,43172.18,43173.67,43163.80,43164.56,0.472023,14
2025-01-01T00:51:36Z,43164.56,43172.12,43164.18,43172.11,0.453121,11
2025-01-01T00:51:37Z,43172.11,43172.56,43170.75,43171.02,0.228870,18
2025-01-01T00:51:38Z,43171.02,43171.40,43167.48,43168.53,0.126388,16
2025-01-01T00:51:39Z,43168.53,43173.54,43167.04,43173.23,0.185962,13
2025-01-01T00:51:40Z,43173.23,43174.54,43171.89,43174.03,1.007024,15
2025-01-01T00:51:41Z,43174.03,43179.59,43173.46,43178.90,0.392684,7
2025-01-01T00:51:42Z,43178.90,43180.20,43175.52,43176.53,0.371840,10
2025-01-01T00:51:43Z,43176.53,43177.94,43174.32,43175.04,0.365489,14
2025-01-01T00:51:44Z,43175.04,43175.46,43175.02,43175.38,0.451823,6
2025-01-01T00:51:45Z,43175.38,43176.41,43174.43,43174.72,0.565667,2
2025-01-01T00:51:46Z,43174.72,43176.30,43172.84,43173.85,0.263864,7
2025-01-01T00:51:47Z,43173.85,43178.46,43173.55,43178.03,0.618438,3
2025-01-01T00:51:48Z,43178.03,43185.61,43176.64,43184.05,0.258071,11
2025-01-01T00:51:49Z,43184.05,43186.94,43182.87,43185.57,0.533328,18
2025-01-01T00:51:50Z,43185.57,43186.65,43182.88,43184.19,0.291178,6
2025-01-01T00:51:51Z,43184.19,43191.04,43183.96,43190.02,0.455015,8
2025-01-01T00:51:52Z,43190.02,43195.99,43188.72,43194.63,0.524711,20
2025-01-01T00:51:53Z,43194.63,43200.14,43194.40,43199.10,0.718391,3
2025-01-01T00:51:54Z,43199.10,43199.74,43195.80,43196.08,0.647820,20
2025-01-01T00:51:55Z,43196.08,43197.70,43195.62,43196.36,0.237352,15
2025-01-01T00:51:56Z,43196.36,43196.53,43190.55,43190.78,0.333875,8
2025-01-01T00:51:57Z,43190.78,43199.34,43190.13,43199.17,0.457921,14
2025-01-01T00:51:58Z,43199.17,43201.34,43198.01,43200.79,0.402828,9
2025-01-01T00:51:59Z,43200.79,43201.45,43196.98,43198.53,0.413880,8
2025-01-01T00:52:00Z,43198.53,43203.17,43197.25,43202.90,0.382416,5
2025-01-01T00:52:01Z,43202.90,43204.04,43202.57,43203.57,0.443863,8
2025-01-01T00:52:02Z,43203.57,43206.11,43203.10,43205.56,0.458001,19
2025-01-01T00:52:03Z,43205.56,43206.66,43202.48,43203.00,0.427396,15
2025-01-01T00:52:04Z,43203.00,43204.10,43197.87,43198.32,0.408038,9
2025-01-01T00:52:05Z,43198.32,43200.17,43198.06,43198.68,0.170861,9
2025-01-01T00:52:06Z,43198.68,43199.89,43194.09,43195.02,0.244463,1
2025-01-01T00:52:07Z,43195.02,43195.54,43190.27,43191.20,0.363816,13
2025-01-01T00:52:08Z,43191.20,43192.59,43190.80,43192.23,0.184641,18
2025-01-01T00:52:09Z,43192.23,43192.98,43189.98,43190.14,0.214832,18
2025-01-01T00:52:10Z,43190.14,43190.62,43184.11,43185.63,0.275946,12
2025-01-01T00:52:11Z,43185.63,43186.90,43177.08,43178.00,0.681465,11
2025-01-01T00:52:12Z,43178.00,43178.82,43175.53,43176.23,0.124806,9
2025-01-01T00:52:13Z,43176.23,43176.91,43170.77,43170.99,0.401378,10
2025-01-01T00:52:14Z,43170.99,43178.12,43170.44,43177.02,0.221465,13
2025-01-01T00:52:15Z,43177.02,43177.31,43173.51,43173.78,0.242244,4
2025-01-01T00:52:16Z,43173.78,43175.16,43168.95,43170.56,0.263776,10
2025-01-01T00:52:17Z,43170.56,43171.33,43168.86,43169.82,0.120657,6
2025-01-01T00:52:18Z,43169.82,43171.45,43167.46,43168.83,0.272456,10
2025-01-01T00:52:19Z,43168.83,43169.81,43167.26,43167.56,0.495446,6
2025-01-01T00:52:20Z,43167.56,43169.55,43166.87,43169.31,0.110043,11
2025-01-01T00:52:21Z,43169.31,43170.74,43165.89,43165.98,0.415416,6
2025-01-01T00:52:22Z,43165.98,43173.02,43165.95,43171.90,0.286833,3
2025-01-01T00:52:23Z,43171.90,43175.50,43171.48,43174.50,0.599961,6
2025-01-01T00:52:24Z,43174.50,43177.16,43174.35,43176.36,0.417948,1
2025-01-01T00:52:25Z,43176.36,43179.65,43175.63,43178.45,0.333835,11
2025-01-01T00:52:26Z,43178.45,43180.05,43174.26,43175.55,0.326376,17
2025-01-01T00:52:27Z,43175.55,43178.76,43174.94,43177.53,0.198457,15
2025-01-01T00:52:28Z,43177.53,43178.88,43176.10,43178.73,0.957483,4
2025-01-01T00:52:29Z,43178.73,43181.44,43177.23,43181.09,0.237165,1
2025-01-01T00:52:30Z,43181.09,43181.53,43175.96,43177.19,0.650203,7
2025-01-01T00:52:31Z,43177.19,43178.43,43171.65,43172.33,0.128662,4
2025-01-01T00:52:32Z,43172.33,43174.53,43171.51,43174.22,0.748570,16
2025-01-01T00:52:33Z,43174.22,43175.86,43171.44,43172.99,0.534750,7
2025-01-01T00:52:34Z,43172.99,43174.39,43171.30,43174.08,0.608391,11
2025-01-01T00:52:35Z,43174.08,43174.25,43168.50,43169.45,0.803296,19
2025-01-01T00:52:36Z,43169.45,43170.78,43167.92,43170.46,0.291138,10
2025-01-01T00:52:37Z,43170.46,43173.55,43170.00,43173.09,0.485281,9
2025-01-01T00:52:38Z,43173.09,43174.47,43168.75,43169.62,0.323611,19
2025-01-01T00:52:39Z,43169.62,43175.83,43169.60,43174.51,0.309980,18
2025-01-01T00:52:40Z,43174.51,43175.97,43172.51,43172.75,0.387967,15
2025-01-01T00:52:41Z,43172.75,43174.77,43171.86,43174.47,0.483584,1
2025-01-01T00:52:42Z,43174.47,43175.26,43173.61,43174.67,0.108508,16
2025-01-01T00:52:43Z,43174.67,43175.95,43174.09,43174.56,0.130495,20
2025-01-01T00:52:44Z,43174.56,43181.63,43174.18,43180.63,0.382541,14
2025-01-01T00:52:45Z,43180.63,43181.26,43179.78,43181.17,0.455987,4
2025-01-01T00:52:46Z,43181.17,43182.82,43179.16,43180.06,0.258160,13
2025-01-01T00:52:47Z,43180.06,43184.91,43179.92,43183.65,0.678642,14
2025-01-01T00:52:48Z,43183.65,43184.46,43182.25,43183.43,0.324416,18
2025-01-01T00:52:49Z,43183.43,43188.52,43181.87,43186.92,0.539443,10
2025-01-01T00:52:50Z,43186.92,43188.57,43186.03,43187.93,0.405222,2
2025-01-01T00:52:51Z,43187.93,43188.19,43186.04,43186.86,0.547099,4
2025-01-01T00:52:52Z,43186.86,43191.51,43185.65,43190.94,0.811731,13
2025-01-01T00:52:53Z,43190.94,43191.18,43189.25,43191.15,0.228919,14
2025-01-01T00:52:54Z,43191.15,43198.71,43190.72,43198.31,0.259902,17
2025-01-01T00:52:55Z,43198.31,43200.20,43198.27,43199.77,0.358449,7
2025-01-01T00:52:56Z,43199.77,43204.39,43198.24,43203.18,0.263699,14
2025-01-01T00:52:57Z,43203.18,43205.12,43202.36,43203.59,0.402149,3
2025-01-01T00:52:58Z,43203.59,43204.37,43197.92,43199.04,0.341029,11
2025-01-01T00:52:59Z,43199.04,43200.21,43193.66,43195.06,0.176461,7
2025-01-01T00:53:00Z,43195.06,43196.23,43192.59,43192.88,0.380510,17
2025-01-01T00:53:01Z,43192.88,43194.18,43190.06,43191.77,0.746346,1
2025-01-01T00:53:02Z,43191.77,43195.41,43191.53,43194.42,0.201542,9
2025-01-01T00:53:03Z,43194.42,43195.54,43189.29,43190.26,0.967148,18
2025-01-01T00:53:04Z,43190.26,43194.39,43189.55,43193.62,0.536181,6
2025-01-01T00:53:05Z,43193.62,43194.62,43187.94,43189.60,0.496168,17
2025-01-01T00:53:06Z,43189.60,43191.99,43188.19,43190.27,0.759420,18
2025-01-01T00:53:07Z,43190.27,43190.54,43187.78,43188.99,0.499088,3
2025-01-01T00:53:08Z,43188.99,43189.01,43180.79,43181.52,0.762008,6
2025-01-01T00:53:09Z,43181.52,43184.16,43181.02,43183.46,0.472525,8
2025-01-01T00:53:10Z,43183.46,43186.17,43181.81,43184.84,0.402033,10
2025-01-01T00:53:11Z,43184.84,43185.46,43183.52,43184.50,0.775385,13
2025-01-01T00:53:12Z,43184.50,43185.09,43182.47,43183.40,0.241508,20
2025-01-01T00:53:13Z,43183.40,43184.32,43180.94,43182.59,0.235327,17
2025-01-01T00:53:14Z,43182.59,43183.95,43180.98,43182.38,0.802122,3
2025-01-01T00:53:15Z,43182.38,43183.18,43178.58,43179.51,0.317386,1
2025-01-01T00:53:16Z,43179.51,43180.62,43175.75,43176.89,0.464123,17
2025-01-01T00:53:17Z,43176.89,43180.01,43175.59,43179.01,0.184033,19
2025-01-01T00:53:18Z,43179.01,43184.94,43177.88,43183.38,0.406855,10
2025-01-01T00:53:19Z,43183.38,43183.46,43179.37,43180.89,0.218216,18
2025-01-01T00:53:20Z,43180.89,43187.15,43179.41,43185.65,0.344515,17
2025-01-01T00:53:21Z,43185.65,43186.83,43184.02,43186.54,0.416298,10
2025-01-01T00:53:22Z,43186.54,43190.33,43184.91,43189.77,0.199000,19
2025-01-01T00:53:23Z,43189.77,43191.44,43182.28,43183.92,0.170694,9
2025-01-01T00:53:24Z,43183.92,43186.90,43182.31,43186.90,0.648223,13
2025-01-01T00:53:25Z,43186.90,43190.20,43186.60,43188.72,0.353756,1
2025-01-01T00:53:26Z,43188.72,43190.17,43184.25,43184.66,0.480805,14
2025-01-01T00:53:27Z,43184.66,43185.00,43181.52,43183.08,0.279044,11
2025-01-01T00:53:28Z,43183.08,43185.23,43181.97,43184.11,0.273126,16
2025-01-01T00:53:29Z,43184.11,43185.66,43180.68,43180.82,0.255136,12
2025-01-01T00:53:30Z,43180.82,43182.77,43179.20,43181.76,0.251719,12
2025-01-01T00:53:31Z,43181.76,43186.65,43181.44,43186.22,0.832419,13
2025-01-01T00:53:32Z,43186.22,43189.73,43185.17,43189.63,0.463910,5
2025-01-01T00:53:33Z,43189.63,43191.22,43181.95,43182.46,0.325226,10
2025-01-01T00:53:34Z,43182.46,43186.71,43181.73,43185.50,0.368302,18
2025-01-01T00:53:35Z,43185.50,43187.67,43184.14,43186.26,0.512477,1
2025-01-01T00:53:36Z,43186.26,43194.52,43185.79,43193.09,0.711983,5
2025-01-01T00:53:37Z,43193.09,43193.30,43190.22,43191.73,0.261387,13
2025-01-01T00:53:38Z,43191.73,43193.39,43180.31,43180.71,0.189489,15
2025-01-01T00:53:39Z,43180.71,43188.50,43179.63,43187.46,0.380852,3
2025-01-01T00:53:40Z,43187.46,43191.49,43186.62,43190.51,0.219011,20
2025-01-01T00:53:41Z,43190.51,43194.64,43190.19,43193.74,0.910972,5
2025-01-01T00:53:42Z,43193.74,43197.36,43192.95,43197.24,0.894299,6
2025-01-01T00:53:43Z,43197.24,43197.73,43196.64,43197.40,0.463341,20
2025-01-01T00:53:44Z,43197.40,43198.98,43195.17,43196.22,0.866611,7
2025-01-01T00:53:45Z,43196.22,43196.77,43193.51,43194.46,0.181947,18
2025-01-01T00:53:46Z,43194.46,43195.24,43188.64,43188.96,0.691289,10
2025-01-01T00:53:47Z,43188.96,43189.17,43187.94,43188.38,0.204141,9
2025-01-01T00:53:48Z,43188.38,43193.46,43188.03,43193.30,0.378897,20
2025-01-01T00:53:49Z,43193.30,43193.44,43187.63,43189.34,0.337496,3
2025-01-01T00:53:50Z,43189.34,43191.03,43187.78,43188.99,0.546871,3
2025-01-01T00:53:51Z,43188.99,43191.62,43188.46,43189.97,0.435483,2
2025-01-01T00:53:52Z,43189.97,43194.71,43189.60,43193.74,0.243782,19
2025-01-01T00:53:53Z,43193.74,43194.60,43189.33,43189.59,0.474624,5
2025-01-01T00:53:54Z,43189.59,43194.91,43189.02,43194.16,0.453447,5
2025-01-01T00:53:55Z,43194.16,43195.58,43194.14,43195.06,0.525940,5
2025-01-01T00:53:56Z,43195.06,43197.62,43194.66,43197.04,0.413479,14
2025-01-01T00:53:57Z,43197.04,43198.45,43195.41,43197.71,0.420065,5
2025-01-01T00:53:58Z,43197.71,43203.17,43196.37,43201.48,0.289609,1
2025-01-01T00:53:59Z,43201.48,43201.63,43197.99,43199.13,0.341441,4
2025-01-01T00:54:00Z,43199.13,43203.00,43198.30,43202.42,0.693862,10
2025-01-01T00:54:01Z,43202.42,43203.89,43200.90,43200.91,0.364576,6
2025-01-01T00:54:02Z,43200.91,43202.05,43196.30,43197.13,0.726533,4
2025-01-01T00:54:03Z,43197.13,43205.19,43196.27,43205.17,0.364252,3
2025-01-01T00:54:04Z,43205.17,43205.28,43195.18,43195.90,0.930061,6
2025-01-01T00:54:05Z,43195.90,43197.70,43195.65,43196.03,0.252138,19
2025-01-01T00:54:06Z,43196.03,43196.37,43194.02,43194.86,0.297597,10
2025-01-01T00:54:07Z,43194.86,43196.33,43193.48,43194.01,0.558098,20
2025-01-01T00:54:08Z,43194.01,43197.42,43193.24,43196.67,0.721667,5
2025-01-01T00:54:09Z,43196.67,43198.01,43196.05,43196.59,0.339500,20
2025-01-01T00:54:10Z,43196.59,43200.08,43195.00,43200.02,0.460672,12
2025-01-01T00:54:11Z,43200.02,43201.78,43198.82,43201.63,0.386820,9
2025-01-01T00:54:12Z,43201.63,43202.07,43199.15,43200.19,0.372180,18
2025-01-01T00:54:13Z,43200.19,43203.20,43198.93,43201.92,0.542680,15
2025-01-01T00:54:14Z,43201.92,43202.99,43200.31,43201.47,0.192876,13
2025-01-01T00:54:15Z,43201.47,43206.96,43200.62,43206.88,0.358948,1
2025-01-01T00:54:16Z,43206.88,43208.26,43199.34,43200.58,0.293562,18
2025-01-01T00:54:17Z,43200.58,43201.05,43196.63,43196.67,0.647875,18
2025-01-01T00:54:18Z,43196.67,43198.35,43195.49,43197.42,0.416983,6
2025-01-01T00:54:19Z,43197.42,43199.81,43196.15,43198.49,0.163391,18
2025-01-01T00:54:20Z,43198.49,43198.97,43191.78,43193.46,0.680487,18
2025-01-01T00:54:21Z,43193.46,43194.39,43191.34,43191.60,0.249015,11
2025-01-01T00:54:22Z,43191.60,43198.27,43190.85,43197.78,0.702380,8
2025-01-01T00:54:23Z,43197.78,43202.30,43197.06,43201.70,0.435732,9
2025-01-01T00:54:24Z,43201.70,43204.90,43201.61,43204.02,0.551927,2
2025-01-01T00:54:25Z,43204.02,43204.90,43198.96,43200.63,0.459198,18
2025-01-01T00:54:26Z,43200.63,43205.04,43198.94,43203.95,0.223429,4
2025-01-01T00:54:27Z,43203.95,43204.12,43197.50,43198.42,0.408441,11
2025-01-01T00:54:28Z,43198.42,43200.47,43198.22,43200.15,0.421102,10
2025-01-01T00:54:29Z,43200.15,43204.77,43198.77,43203.05,0.438522,1
2025-01-01T00:54:30Z,43203.05,43203.86,43201.13,43201.14,0.358207,9
2025-01-01T00:54:31Z,43201.14,43205.88,43199.89,43205.37,0.473346,5
2025-01-01T00:54:32Z,43205.37,43211.83,43204.07,43211.69,0.180624,20
2025-01-01T00:54:33Z,43211.69,43212.68,43206.74,43208.00,0.412093,16
2025-01-01T00:54:34Z,43208.00,43212.16,43207.30,43211.94,0.177723,19
2025-01-01T00:54:35Z,43211.94,43212.59,43200.44,43200.44,0.463294,18
2025-01-01T00:54:36Z,43200.44,43201.28,43198.82,43199.78,0.347693,13
2025-01-01T00:54:37Z,43199.78,43202.32,43199.70,43201.42,0.253006,8
2025-01-01T00:54:38Z,43201.42,43201.50,43199.66,43200.93,0.429883,1
2025-01-01T00:54:39Z,43200.93,43202.10,43199.91,43201.02,0.326703,9
2025-01-01T00:54:40Z,43201.02,43202.35,43197.34,43198.14,0.298869,20
2025-01-01T00:54:41Z,43198.14,43203.16,43196.65,43202.53,0.529282,13
2025-01-01T00:54:42Z,43202.53,43208.03,43202.45,43207.10,0.657310,16
2025-01-01T00:54:43Z,43207.10,43209.88,43205.96,43208.27,0.276397,19
2025-01-01T00:54:44Z,43208.27,43209.66,43207.31,43209.17,0.493500,11
2025-01-01T00:54:45Z,43209.17,43209.56,43208.62,43208.77,0.420371,4
2025-01-01T00:54:46Z,43208.77,43209.38,43207.16,43207.77,0.317547,6
2025-01-01T00:54:47Z,43207.77,43208.80,43201.94,43203.13,0.203208,16
2025-01-01T00:54:48Z,43203.13,43208.77,43202.72,43208.11,0.495512,14
2025-01-01T00:54:49Z,43208.11,43211.21,43207.58,43209.76,0.326448,10
2025-01-01T00:54:50Z,43209.76,43211.07,43203.42,43204.98,0.335313,12
2025-01-01T00:54:51Z,43204.98,43207.84,43204.87,43206.45,0.369169,12
2025-01-01T00:54:52Z,43206.45,43211.50,43206.05,43211.38,0.260536,11
2025-01-01T00:54:53Z,43211.38,43212.11,43209.24,43209.84,0.348254,5
2025-01-01T00:54:54Z,43209.84,43211.37,43208.81,43211.01,0.251250,2
2025-01-01T00:54:55Z,43211.01,43214.80,43209.34,43213.57,0.503317,4
2025-01-01T00:54:56Z,43213.57,43215.19,43210.61,43212.19,0.408711,15
2025-01-01T00:54:57Z,43212.19,43212.41,43207.75,43209.36,0.134095,17
2025-01-01T00:54:58Z,43209.36,43210.11,43205.22,43206.50,0.200211,19
2025-01-01T00:54:59Z,43206.50,43206.87,43202.61,43203.18,0.771308,7
2025-01-01T00:55:00Z,43203.18,43207.96,43202.10,43207.11,0.400353,1
2025-01-01T00:55:01Z,43207.11,43207.76,43202.50,43203.31,0.227585,1
2025-01-01T00:55:02Z,43203.31,43204.09,43203.26,43203.77,0.290793,7
2025-01-01T00:55:03Z,43203.77,43204.09,43200.78,43202.19,0.555263,16
2025-01-01T00:55:04Z,43202.19,43203.68,43200.46,43203.32,0.329517,6
2025-01-01T00:55:05Z,43203.32,43209.83,43201.73,43208.32,0.193228,13
2025-01-01T00:55:06Z,43208.32,43215.78,43207.26,43214.98,0.406115,6
2025-01-01T00:55:07Z,43214.98,43215.74,43210.38,43211.97,0.527080,8
2025-01-01T00:55:08Z,43211.97,43213.09,43210.54,43210.62,0.279558,19
2025-01-01T00:55:09Z,43210.62,43210.78,43202.51,43203.70,0.120367,6
2025-01-01T00:55:10Z,43203.70,43204.06,43200.23,43200.75,0.520378,17
2025-01-01T00:55:11Z,43200.75,43201.00,43199.31,43200.36,0.605011,11
2025-01-01T00:55:12Z,43200.36,43202.74,43199.77,43202.27,0.631413,19
2025-01-01T00:55:13Z,43202.27,43203.47,43198.76,43199.84,0.315190,5
2025-01-01T00:55:14Z,43199.84,43204.01,43199.46,43203.20,0.699854,17
2025-01-01T00:55:15Z,43203.20,43204.41,43200.97,43201.03,0.108618,16
2025-01-01T00:55:16Z,43201.03,43207.08,43200.07,43207.08,0.198342,2
2025-01-01T00:55:17Z,43207.08,43208.67,43206.53,43208.09,0.619630,5
2025-01-01T00:55:18Z,43208.09,43209.51,43205.90,43207.01,0.524886,2
2025-01-01T00:55:19Z,43207.01,43207.24,43205.00,43205.86,0.284277,12
2025-01-01T00:55:20Z,43205.86,43206.59,43201.48,43202.12,0.342399,2
2025-01-01T00:55:21Z,43202.12,43202.55,43201.19,43201.89,0.798087,12
2025-01-01T00:55:22Z,43201.89,43203.52,43196.20,43197.72,0.483728,15
2025-01-01T00:55:23Z,43197.72,43198.19,43192.02,43193.05,0.430830,17
2025-01-01T00:55:24Z,43193.05,43202.84,43192.06,43201.64,0.356499,18
2025-01-01T00:55:25Z,43201.64,43202.86,43195.70,43197.15,0.403031,20
2025-01-01T00:55:26Z,43197.15,43200.64,43195.87,43200.58,0.614401,5
2025-01-01T00:55:27Z,43200.58,43202.01,43197.05,43198.38,0.343181,5
2025-01-01T00:55:28Z,43198.38,43198.83,43197.36,43198.02,0.252667,18
2025-01-01T00:55:29Z,43198.02,43199.03,43186.92,43188.53,0.399607,4
2025-01-01T00:55:30Z,43188.53,43190.15,43186.69,43187.08,0.224108,6
2025-01-01T00:55:31Z,43187.08,43189.74,43186.75,43189.50,0.434964,10
2025-01-01T00:55:32Z,43189.50,43193.55,43187.89,43192.12,0.227205,15
2025-01-01T00:55:33Z,43192.12,43193.41,43189.74,43190.94,0.170644,17
2025-01-01T00:55:34Z,43190.94,43191.17,43182.62,43183.40,0.521677,2
2025-01-01T00:55:35Z,43183.40,43183.97,43181.12,43182.06,0.379414,3
2025-01-01T00:55:36Z,43182.06,43185.53,43181.07,43184.28,0.313308,19
2025-01-01T00:55:37Z,43184.28,43185.31,43182.33,43184.01,0.712038,11
2025-01-01T00:55:38Z,43184.01,43185.09,43177.71,43178.69,0.504277,18
2025-01-01T00:55:39Z,43178.69,43179.10,43178.09,43178.10,1.309601,5
2025-01-01T00:55:40Z,43178.10,43179.98,43177.16,43179.89,0.396055,3
2025-01-01T00:55:41Z,43179.89,43186.41,43179.66,43185.75,0.221382,11
2025-01-01T00:55:42Z,43185.75,43186.45,43184.61,43185.09,0.364713,13
2025-01-01T00:55:43Z,43185.09,43185.64,43178.49,43179.79,0.289474,4
2025-01-01T00:55:44Z,43179.79,43182.63,43179.31,43181.82,0.184630,15
2025-01-01T00:55:45Z,43181.82,43182.40,43180.26,43181.62,0.314875,5
2025-01-01T00:55:46Z,43181.62,43181.74,43180.57,43181.23,0.290874,6
2025-01-01T00:55:47Z,43181.23,43183.83,43179.74,43182.29,0.150410,19
2025-01-01T00:55:48Z,43182.29,43182.30,43174.69,43176.07,0.526217,14
2025-01-01T00:55:49Z,43176.07,43177.65,43169.08,43170.81,0.138758,14
2025-01-01T00:55:50Z,43170.81,43173.70,43169.19,43173.18,0.252376,14
2025-01-01T00:55:51Z,43173.18,43179.90,43173.10,43179.80,0.682735,18
2025-01-01T00:55:52Z,43179.80,43179.85,43175.40,43176.45,0.175083,1
2025-01-01T00:55:53Z,43176.45,43177.46,43172.86,43173.61,0.142594,20
2025-01-01T00:55:54Z,43173.61,43175.03,43165.90,43166.89,0.342969,11
2025-01-01T00:55:55Z,43166.89,43169.15,43165.93,43167.44,0.217520,20
2025-01-01T00:55:56Z,43167.44,43167.99,43167.21,43167.29,0.131622,13
2025-01-01T00:55:57Z,43167.29,43169.06,43166.44,43167.76,0.198983,8
2025-01-01T00:55:58Z,43167.76,43169.29,43162.01,43163.02,0.469100,5
2025-01-01T00:55:59Z,43163.02,43164.16,43159.89,43160.64,0.175132,9
2025-01-01T00:56:00Z,43160.64,43166.25,43159.25,43164.77,0.685997,17
2025-01-01T00:56:01Z,43164.77,43171.31,43163.45,43170.27,0.301164,1
2025-01-01T00:56:02Z,43170.27,43170.54,43163.26,43163.66,0.405474,15
2025-01-01T00:56:03Z,43163.66,43165.69,43162.74,43164.88,0.337128,4
2025-01-01T00:56:04Z,43164.88,43166.43,43162.80,43164.08,0.466767,17
2025-01-01T00:56:05Z,43164.08,43164.98,43161.68,43162.93,0.564252,17
2025-01-01T00:56:06Z,43162.93,43167.98,43162.45,43166.58,0.395333,8
2025-01-01T00:56:07Z,43166.58,43166.88,43161.16,43162.70,0.499732,20
2025-01-01T00:56:08Z,43162.70,43163.43,43161.87,43162.71,0.585486,15
2025-01-01T00:56:09Z,43162.71,43163.04,43160.54,43160.55,0.216063,7
2025-01-01T00:56:10Z,43160.55,43161.72,43157.09,43157.74,0.348646,10
2025-01-01T00:56:11Z,43157.74,43159.08,43151.99,43153.52,0.403513,18
2025-01-01T00:56:12Z,43153.52,43154.25,43152.55,43152.81,0.233099,15
2025-01-01T00:56:13Z,43152.81,43153.89,43150.68,43152.31,0.215764,19
2025-01-01T00:56:14Z,43152.31,43158.68,43150.62,43157.31,0.296238,18
2025-01-01T00:56:15Z,43157.31,43160.20,43156.53,43159.11,0.510550,15
2025-01-01T00:56:16Z,43159.11,43164.77,43158.99,43163.56,0.566084,11
2025-01-01T00:56:17Z,43163.56,43164.10,43162.01,43163.03,0.727302,2
2025-01-01T00:56:18Z,43163.03,43166.91,43162.92,43166.12,0.408605,20
2025-01-01T00:56:19Z,43166.12,43166.22,43160.24,43161.24,0.672368,6
2025-01-01T00:56:20Z,43161.24,43162.12,43156.60,43157.55,0.346037,1
2025-01-01T00:56:21Z,43157.55,43161.41,43155.90,43159.92,0.479128,5
2025-01-01T00:56:22Z,43159.92,43160.29,43159.72,43160.11,0.516797,1
2025-01-01T00:56:23Z,43160.11,43164.59,43159.53,43163.50,0.385780,19
2025-01-01T00:56:24Z,43163.50,43164.61,43159.36,43160.82,0.482049,5
2025-01-01T00:56:25Z,43160.82,43162.23,43157.26,43157.31,0.273662,20
2025-01-01T00:56:26Z,43157.31,43159.70,43157.08,43158.91,0.360937,18
2025-01-01T00:56:27Z,43158.91,43159.47,43157.96,43159.22,0.568286,17
2025-01-01T00:56:28Z,43159.22,43160.37,43154.59,43155.64,0.353010,11
2025-01-01T00:56:29Z,43155.64,43155.72,43148.97,43149.82,0.336757,17
2025-01-01T00:56:30Z,43149.82,43152.88,43149.49,43151.16,0.293580,16
2025-01-01T00:56:31Z,43151.16,43151.92,43143.04,43144.32,1.138181,4
2025-01-01T00:56:32Z,43144.32,43144.39,43141.39,43142.84,0.227357,2
2025-01-01T00:56:33Z,43142.84,43146.20,43141.73,43145.58,0.388937,8
2025-01-01T00:56:34Z,43145.58,43146.07,43140.02,43140.09,0.291922,7
2025-01-01T00:56:35Z,43140.09,43140.27,43139.31,43139.45,0.739835,8
2025-01-01T00:56:36Z,43139.45,43146.90,43139.10,43145.43,0.388740,11
2025-01-01T00:56:37Z,43145.43,43146.52,43143.82,43144.50,0.818133,3
2025-01-01T00:56:38Z,43144.50,43145.25,43142.73,43144.23,0.457850,5
2025-01-01T00:56:39Z,43144.23,43144.64,43137.91,43139.59,0.741433,12
2025-01-01T00:56:40Z,43139.59,43140.30,43136.13,43136.95,0.492522,14
2025-01-01T00:56:41Z,43136.95,43139.40,43136.21,43138.14,0.144405,20
2025-01-01T00:56:42Z,43138.14,43139.01,43135.90,43137.04,0.600643,16
2025-01-01T00:56:43Z,43137.04,43139.79,43135.82,43139.16,0.565803,8
2025-01-01T00:56:44Z,43139.16,43142.78,43137.88,43141.81,0.453537,3
2025-01-01T00:56:45Z,43141.81,43144.41,43141.18,43143.84,0.473799,6
2025-01-01T00:56:46Z,43143.84,43146.53,43143.68,43146.23,1.166050,3
2025-01-01T00:56:47Z,43146.23,43147.18,43145.00,43146.09,0.278021,14
2025-01-01T00:56:48Z,43146.09,43147.03,43145.73,43146.23,0.275193,16
2025-01-01T00:56:49Z,43146.23,43147.45,43144.75,43145.42,0.495418,19
2025-01-01T00:56:50Z,43145.42,43145.56,43142.51,43143.59,0.203974,4
2025-01-01T00:56:51Z,43143.59,43146.41,43142.64,43145.72,0.523358,9
2025-01-01T00:56:52Z,43145.72,43147.25,43142.73,43143.95,0.227635,16
2025-01-01T00:56:53Z,43143.95,43145.35,43140.40,43140.90,0.464040,5
2025-01-01T00:56:54Z,43140.90,43142.00,43137.63,43138.05,0.585723,12
2025-01-01T00:56:55Z,43138.05,43139.72,43136.03,43137.33,0.441298,13
2025-01-01T00:56:56Z,43137.33,43138.29,43136.33,43136.66,0.302678,20
2025-01-01T00:56:57Z,43136.66,43137.94,43132.73,43134.43,0.077537,1
2025-01-01T00:56:58Z,43134.43,43136.95,43134.02,43136.27,0.514238,8
2025-01-01T00:56:59Z,43136.27,43138.95,43135.25,43138.49,0.235913,14
2025-01-01T00:57:00Z,43138.49,43139.33,43130.49,43131.55,0.167033,15
2025-01-01T00:57:01Z,43131.55,43132.61,43128.50,43129.07,0.432033,13
2025-01-01T00:57:02Z,43129.07,43132.15,43128.70,43131.08,0.530264,15
2025-01-01T00:57:03Z,43131.08,43133.50,43130.40,43132.98,0.133808,5
2025-01-01T00:57:04Z,43132.98,43135.27,43132.03,43135.18,0.153205,13
2025-01-01T00:57:05Z,43135.18,43135.55,43131.65,43132.63,0.536016,13
2025-01-01T00:57:06Z,43132.63,43137.00,43131.32,43136.39,0.464194,15
2025-01-01T00:57:07Z,43136.39,43137.04,43131.76,43133.28,0.538720,2
2025-01-01T00:57:08Z,43133.28,43142.67,43131.69,43140.99,0.383241,6
2025-01-01T00:57:09Z,43140.99,43143.50,43140.42,43142.22,0.600664,18
2025-01-01T00:57:10Z,43142.22,43143.14,43139.68,43140.61,0.402173,8
2025-01-01T00:57:11Z,43140.61,43143.30,43140.49,43141.65,0.608777,3
2025-01-01T00:57:12Z,43141.65,43142.65,43138.45,43138.80,0.320480,19
2025-01-01T00:57:13Z,43138.80,43142.33,43137.90,43141.54,0.411706,3
2025-01-01T00:57:14Z,43141.54,43145.47,43140.53,43144.97,0.264699,14
2025-01-01T00:57:15Z,43144.97,43149.56,43144.08,43148.82,0.162813,12
2025-01-01T00:57:16Z,43148.82,43150.07,43146.61,43147.53,0.279353,3
2025-01-01T00:57:17Z,43147.53,43149.15,43147.01,43147.44,0.325202,6
2025-01-01T00:57:18Z,43147.44,43147.47,43140.34,43141.72,0.188976,2
2025-01-01T00:57:19Z,43141.72,43142.78,43134.83,43135.53,0.381534,5
2025-01-01T00:57:20Z,43135.53,43135.62,43132.50,43133.61,0.439424,3
2025-01-01T00:57:21Z,43133.61,43137.50,43133.16,43136.85,0.458682,13
2025-01-01T00:57:22Z,43136.85,43139.03,43135.20,43138.93,0.336862,11
2025-01-01T00:57:23Z,43138.93,43140.89,43138.90,43139.32,0.152498,6
2025-01-01T00:57:24Z,43139.32,43139.81,43138.61,43138.87,0.313816,4
2025-01-01T00:57:25Z,43138.87,43140.84,43138.43,43140.30,0.589706,1
2025-01-01T00:57:26Z,43140.30,43146.60,43139.87,43145.87,0.685517,5
2025-01-01T00:57:27Z,43145.87,43149.89,43145.63,43149.66,0.142892,2
2025-01-01T00:57:28Z,43149.66,43149.70,43146.60,43148.26,0.857254,3
2025-01-01T00:57:29Z,43148.26,43149.74,43147.90,43149.55,0.381774,19
2025-01-01T00:57:30Z,43149.55,43151.77,43149.23,43151.47,0.497717,20
2025-01-01T00:57:31Z,43151.47,43153.31,43150.03,43152.87,0.330994,5
2025-01-01T00:57:32Z,43152.87,43153.94,43151.53,43153.25,0.269552,1
2025-01-01T00:57:33Z,43153.25,43155.64,43152.25,43155.34,0.341509,6
2025-01-01T00:57:34Z,43155.34,43156.35,43154.49,43155.11,0.333363,16
2025-01-01T00:57:35Z,43155.11,43156.19,43147.95,43149.45,0.191433,18
2025-01-01T00:57:36Z,43149.45,43150.52,43145.81,43147.25,0.174337,3
2025-01-01T00:57:37Z,43147.25,43147.83,43144.39,43144.70,0.311652,3
2025-01-01T00:57:38Z,43144.70,43145.37,43143.71,43143.98,0.377031,14
2025-01-01T00:57:39Z,43143.98,43150.45,43143.80,43149.74,0.245519,19
2025-01-01T00:57:40Z,43149.74,43151.25,43147.67,43149.01,0.265818,8
2025-01-01T00:57:41Z,43149.01,43149.59,43146.04,43147.01,0.649013,14
2025-01-01T00:57:42Z,43147.01,43151.67,43146.06,43150.35,0.306053,10
2025-01-01T00:57:43Z,43150.35,43154.13,43148.77,43153.78,0.525987,19
2025-01-01T00:57:44Z,43153.78,43155.47,43153.51,43154.65,0.332124,14
2025-01-01T00:57:45Z,43154.65,43157.53,43153.36,43155.88,0.387535,9
2025-01-01T00:57:46Z,43155.88,43157.70,43155.32,43156.99,0.488456,19
2025-01-01T00:57:47Z,43156.99,43161.89,43155.64,43161.85,0.301712,10
2025-01-01T00:57:48Z,43161.85,43162.26,43156.50,43157.55,0.768252,3
2025-01-01T00:57:49Z,43157.55,43158.26,43155.02,43155.63,0.204032,17
2025-01-01T00:57:50Z,43155.63,43155.78,43152.17,43152.59,0.366727,5
2025-01-01T00:57:51Z,43152.59,43153.24,43147.29,43148.10,0.388302,16
2025-01-01T00:57:52Z,43148.10,43155.29,43146.56,43155.26,0.321683,7
2025-01-01T00:57:53Z,43155.26,43155.46,43151.59,43153.28,0.728210,7
2025-01-01T00:57:54Z,43153.28,43154.61,43150.09,43150.78,0.298227,5
2025-01-01T00:57:55Z,43150.78,43152.07,43147.40,43149.11,0.443242,10
2025-01-01T00:57:56Z,43149.11,43150.70,43146.74,43147.07,0.782547,1
2025-01-01T00:57:57Z,43147.07,43150.29,43145.66,43149.92,0.097461,3
2025-01-01T00:57:58Z,43149.92,43152.62,43148.71,43151.51,0.319355,15
2025-01-01T00:57:59Z,43151.51,43151.67,43150.67,43151.37,0.520651,7
2025-01-01T00:58:00Z,43151.37,43151.43,43147.44,43149.09,0.219157,19
2025-01-01T00:58:01Z,43149.09,43153.18,43148.39,43153.13,0.567431,9
2025-01-01T00:58:02Z,43153.13,43154.43,43152.62,43152.95,0.321839,7
2025-01-01T00:58:03Z,43152.95,43154.61,43151.51,43151.98,0.522900,19
2025-01-01T00:58:04Z,43151.98,43152.14,43146.73,43146.83,0.192033,20
2025-01-01T00:58:05Z,43146.83,43147.21,43145.14,43145.27,0.230221,4
2025-01-01T00:58:06Z,43145.27,43146.27,43136.36,43137.59,0.428442,1
2025-01-01T00:58:07Z,43137.59,43143.10,43137.05,43143.02,0.553302,2
2025-01-01T00:58:08Z,43143.02,43147.06,43141.54,43145.54,0.679131,18
2025-01-01T00:58:09Z,43145.54,43150.79,43144.25,43149.07,0.139811,2
2025-01-01T00:58:10Z,43149.07,43150.72,43147.71,43149.04,0.627679,9
2025-01-01T00:58:11Z,43149.04,43152.43,43147.32,43150.90,0.269694,14
2025-01-01T00:58:12Z,43150.90,43156.18,43150.73,43154.48,0.329608,16
2025-01-01T00:58:13Z,43154.48,43156.06,43153.27,43155.89,0.182098,7
2025-01-01T00:58:14Z,43155.89,43160.31,43154.71,43160.14,0.291305,6
2025-01-01T00:58:15Z,43160.14,43161.81,43154.96,43155.86,0.489225,3
2025-01-01T00:58:16Z,43155.86,43161.42,43154.76,43160.63,0.587502,14
2025-01-01T00:58:17Z,43160.63,43165.89,43159.75,43165.07,0.363813,14
2025-01-01T00:58:18Z,43165.07,43166.47,43163.40,43165.51,0.457352,19
2025-01-01T00:58:19Z,43165.51,43168.40,43165.22,43166.67,0.422182,10
2025-01-01T00:58:20Z,43166.67,43168.00,43165.08,43167.59,0.425942,6
2025-01-01T00:58:21Z,43167.59,43168.26,43165.86,43166.56,0.266386,6
2025-01-01T00:58:22Z,43166.56,43169.77,43165.28,43168.64,0.431325,3
2025-01-01T00:58:23Z,43168.64,43170.25,43167.74,43168.55,0.416599,9
2025-01-01T00:58:24Z,43168.55,43169.17,43160.21,43160.88,0.238251,20
2025-01-01T00:58:25Z,43160.88,43161.26,43159.73,43159.83,0.279677,11
2025-01-01T00:58:26Z,43159.83,43160.97,43156.15,43156.85,0.218731,10
2025-01-01T00:58:27Z,43156.85,43159.62,43155.38,43158.09,0.174029,3
2025-01-01T00:58:28Z,43158.09,43158.32,43153.60,43154.73,0.338385,13
2025-01-01T00:58:29Z,43154.73,43157.11,43153.90,43155.60,0.428607,9
2025-01-01T00:58:30Z,43155.60,43159.12,43154.95,43157.41,0.559340,17
2025-01-01T00:58:31Z,43157.41,43159.69,43156.02,43158.92,0.692725,14
2025-01-01T00:58:32Z,43158.92,43159.39,43156.02,43157.70,0.567375,18
2025-01-01T00:58:33Z,43157.70,43157.94,43156.51,43157.32,0.207960,4
2025-01-01T00:58:34Z,43157.32,43163.43,43157.08,43162.29,0.256757,6
2025-01-01T00:58:35Z,43162.29,43168.02,43161.80,43167.06,0.390026,5
2025-01-01T00:58:36Z,43167.06,43168.10,43162.76,43163.78,0.211787,2
2025-01-01T00:58:37Z,43163.78,43165.04,43162.23,43163.19,0.299125,8
2025-01-01T00:58:38Z,43163.19,43164.41,43157.30,43158.92,0.321348,11
2025-01-01T00:58:39Z,43158.92,43163.50,43157.25,43163.17,0.164337,19
2025-01-01T00:58:40Z,43163.17,43168.85,43162.41,43167.48,0.123199,12
2025-01-01T00:58:41Z,43167.48,43173.81,43166.52,43172.16,0.375827,18
2025-01-01T00:58:42Z,43172.16,43174.98,43171.98,43173.43,0.093822,11
2025-01-01T00:58:43Z,43173.43,43173.93,43173.30,43173.51,0.202946,17
2025-01-01T00:58:44Z,43173.51,43174.69,43173.02,43173.56,0.467013,10
2025-01-01T00:58:45Z,43173.56,43174.82,43170.86,43171.95,0.387760,17
2025-01-01T00:58:46Z,43171.95,43172.33,43167.60,43168.27,0.569611,18
2025-01-01T00:58:47Z,43168.27,43169.38,43159.53,43161.20,0.446115,18
2025-01-01T00:58:48Z,43161.20,43161.45,43159.28,43159.66,0.607626,15
2025-01-01T00:58:49Z,43159.66,43160.10,43157.15,43158.73,0.165417,20
2025-01-01T00:58:50Z,43158.73,43159.30,43155.42,43155.98,0.282774,12
2025-01-01T00:58:51Z,43155.98,43157.00,43154.00,43154.53,0.609710,9
2025-01-01T00:58:52Z,43154.53,43157.31,43153.81,43157.31,0.211973,5
2025-01-01T00:58:53Z,43157.31,43164.90,43155.93,43164.00,0.333675,2
2025-01-01T00:58:54Z,43164.00,43164.42,43160.41,43161.19,0.259327,2
2025-01-01T00:58:55Z,43161.19,43163.59,43160.64,43163.45,0.348951,8
2025-01-01T00:58:56Z,43163.45,43163.97,43157.98,43159.53,0.204027,1
2025-01-01T00:58:57Z,43159.53,43162.53,43159.20,43161.65,0.605215,6
2025-01-01T00:58:58Z,43161.65,43162.16,43156.79,43157.31,0.587900,6
2025-01-01T00:58:59Z,43157.31,43157.87,43150.57,43152.08,0.127714,9
2025-01-01T00:59:00Z,43152.08,43153.37,43152.02,43153.36,0.204118,11
2025-01-01T00:59:01Z,43153.36,43156.33,43151.85,43155.90,0.418124,11
2025-01-01T00:59:02Z,43155.90,43157.55,43153.12,43154.72,0.202128,19
2025-01-01T00:59:03Z,43154.72,43158.63,43154.69,43157.24,0.271891,2
2025-01-01T00:59:04Z,43157.24,43157.96,43156.99,43157.58,0.802284,10
2025-01-01T00:59:05Z,43157.58,43163.98,43155.97,43163.36,0.571655,18
2025-01-01T00:59:06Z,43163.36,43165.64,43163.28,43164.97,0.426711,20
2025-01-01T00:59:07Z,43164.97,43166.01,43163.25,43164.02,0.225829,6
2025-01-01T00:59:08Z,43164.02,43164.06,43158.56,43158.71,0.240160,6
2025-01-01T00:59:09Z,43158.71,43160.28,43154.21,43154.83,0.280855,13
2025-01-01T00:59:10Z,43154.83,43156.31,43151.58,43153.02,1.108076,7
2025-01-01T00:59:11Z,43153.02,43154.77,43152.62,43154.56,0.568395,12
2025-01-01T00:59:12Z,43154.56,43157.20,43153.40,43156.48,0.147508,8
2025-01-01T00:59:13Z,43156.48,43156.88,43155.41,43156.51,0.361419,20
2025-01-01T00:59:14Z,43156.51,43157.60,43155.29,43157.56,0.459727,13
2025-01-01T00:59:15Z,43157.56,43158.21,43156.11,43157.96,0.252751,9
2025-01-01T00:59:16Z,43157.96,43159.24,43156.90,43157.51,0.502599,1
2025-01-01T00:59:17Z,43157.51,43158.01,43154.92,43156.26,0.244882,13
2025-01-01T00:59:18Z,43156.26,43157.85,43153.02,43153.94,0.213371,10
2025-01-01T00:59:19Z,43153.94,43154.70,43150.24,43150.73,0.628025,12
2025-01-01T00:59:20Z,43150.73,43153.84,43149.15,43152.27,0.330632,14
2025-01-01T00:59:21Z,43152.27,43157.29,43151.67,43156.71,0.541811,14
2025-01-01T00:59:22Z,43156.71,43158.37,43155.75,43157.38,0.805029,16
2025-01-01T00:59:23Z,43157.38,43158.60,43156.68,43157.65,0.353174,15
2025-01-01T00:59:24Z,43157.65,43163.23,43156.91,43162.41,0.312418,7
2025-01-01T00:59:25Z,43162.41,43164.26,43162.19,43163.08,0.317748,5
2025-01-01T00:59:26Z,43163.08,43164.33,43158.37,43159.48,0.318005,16
2025-01-01T00:59:27Z,43159.48,43162.96,43158.99,43162.82,0.238516,1
2025-01-01T00:59:28Z,43162.82,43171.10,43161.39,43170.68,0.501739,18
2025-01-01T00:59:29Z,43170.68,43173.63,43169.47,43172.66,1.082666,3
2025-01-01T00:59:30Z,43172.66,43173.91,43171.52,43173.31,0.369004,20
2025-01-01T00:59:31Z,43173.31,43176.20,43171.64,43175.84,0.589018,9
2025-01-01T00:59:32Z,43175.84,43180.18,43174.66,43179.83,0.309089,11
2025-01-01T00:59:33Z,43179.83,43184.38,43178.24,43182.84,0.755154,1
2025-01-01T00:59:34Z,43182.84,43185.53,43182.10,43185.24,0.269189,8
2025-01-01T00:59:35Z,43185.24,43186.75,43178.83,43179.46,0.613627,9
2025-01-01T00:59:36Z,43179.46,43181.12,43176.56,43178.13,0.347518,13
2025-01-01T00:59:37Z,43178.13,43181.53,43176.83,43180.99,0.254568,10
2025-01-01T00:59:38Z,43180.99,43181.47,43177.82,43179.21,0.275937,4
2025-01-01T00:59:39Z,43179.21,43179.25,43177.38,43178.08,0.337744,19
2025-01-01T00:59:40Z,43178.08,43179.68,43173.58,43175.07,0.144555,14
2025-01-01T00:59:41Z,43175.07,43178.00,43173.77,43176.67,0.733663,20
2025-01-01T00:59:42Z,43176.67,43177.12,43169.53,43171.04,0.403614,12
2025-01-01T00:59:43Z,43171.04,43174.72,43170.72,43173.17,0.521299,16
2025-01-01T00:59:44Z,43173.17,43174.36,43162.00,43163.48,0.594029,10
2025-01-01T00:59:45Z,43163.48,43167.38,43161.80,43165.81,0.525551,5
2025-01-01T00:59:46Z,43165.81,43166.31,43159.79,43160.92,0.351971,20
2025-01-01T00:59:47Z,43160.92,43166.71,43160.76,43165.80,0.324064,5
2025-01-01T00:59:48Z,43165.80,43167.20,43164.27,43166.09,0.464594,3
2025-01-01T00:59:49Z,43166.09,43167.33,43163.12,43163.80,0.267973,1
2025-01-01T00:59:50Z,43163.80,43164.18,43160.72,43160.96,0.375947,4
2025-01-01T00:59:51Z,43160.96,43163.18,43160.72,43163.07,0.495098,2
2025-01-01T00:59:52Z,43163.07,43168.19,43162.20,43167.29,0.265959,9
2025-01-01T00:59:53Z,43167.29,43168.63,43162.27,43163.77,0.469294,17
2025-01-01T00:59:54Z,43163.77,43169.42,43163.07,43168.49,0.625287,7
2025-01-01T00:59:55Z,43168.49,43177.32,43167.02,43176.66,0.432113,10
2025-01-01T00:59:56Z,43176.66,43183.11,43176.62,43182.08,0.189610,2
2025-01-01T00:59:57Z,43182.08,43182.28,43177.23,43177.55,0.265951,3
2025-01-01T00:59:58Z,43177.55,43184.83,43176.12,43184.19,0.301007,12
2025-01-01T00:59:59Z,43184.19,43185.55,43178.87,43179.79,0.645179,2
2025-01-01T01:00:00Z,43179.79,43181.43,43177.42,43178.68,0.483089,2
2025-01-01T01:00:01Z,43178.68,43179.18,43177.26,43178.36,0.261916,13
2025-01-01T01:00:02Z,43178.36,43181.97,43176.92,43180.78,0.178183,4
2025-01-01T01:00:03Z,43180.78,43181.26,43177.67,43178.79,0.354903,12
2025-01-01T01:00:04Z,43178.79,43179.87,43176.43,43176.45,0.777780,11
2025-01-01T01:00:05Z,43176.45,43177.11,43175.55,43176.33,0.346382,18
2025-01-01T01:00:06Z,43176.33,43177.93,43176.10,43176.17,0.461322,20
2025-01-01T01:00:07Z,43176.17,43178.54,43175.20,43177.63,0.515690,4
2025-01-01T01:00:08Z,43177.63,43178.52,43175.40,43176.07,0.342061,19
2025-01-01T01:00:09Z,43176.07,43177.48,43174.64,43176.67,0.324567,17
2025-01-01T01:00:10Z,43176.67,43178.03,43175.85,43177.31,0.206212,1
2025-01-01T01:00:11Z,43177.31,43180.04,43175.62,43179.47,0.269896,12
2025-01-01T01:00:12Z,43179.47,43180.07,43178.06,43178.63,0.542235,8
2025-01-01T01:00:13Z,43178.63,43179.26,43177.16,43177.57,0.195941,17
2025-01-01T01:00:14Z,43177.57,43179.28,43177.33,43178.59,0.325470,16
2025-01-01T01:00:15Z,43178.59,43180.86,43178.51,43180.28,0.515657,9
2025-01-01T01:00:16Z,43180.28,43184.37,43178.78,43183.54,0.272287,17
2025-01-01T01:00:17Z,43183.54,43184.12,43181.65,43181.92,0.516966,13
2025-01-01T01:00:18Z,43181.92,43183.04,43177.43,43177.87,0.204566,2
2025-01-01T01:00:19Z,43177.87,43180.00,43177.65,43179.71,0.482194,14
2025-01-01T01:00:20Z,43179.71,43183.06,43178.91,43181.67,0.394255,16
2025-01-01T01:00:21Z,43181.67,43183.43,43180.43,43183.21,0.169181,8
2025-01-01T01:00:22Z,43183.21,43183.50,43177.19,43178.03,0.353728,4
2025-01-01T01:00:23Z,43178.03,43178.24,43174.80,43176.12,0.283261,16
2025-01-01T01:00:24Z,43176.12,43176.46,43170.25,43171.59,0.187344,3
2025-01-01T01:00:25Z,43171.59,43171.85,43165.10,43165.18,0.237605,10
2025-01-01T01:00:26Z,43165.18,43166.85,43157.32,43157.93,0.904665,15
2025-01-01T01:00:27Z,43157.93,43160.09,43157.76,43158.39,1.516844,14
2025-01-01T01:00:28Z,43158.39,43164.12,43157.57,43163.12,0.255151,14
2025-01-01T01:00:29Z,43163.12,43163.72,43160.32,43161.01,0.543287,2
2025-01-01T01:00:30Z,43161.01,43161.66,43155.17,43156.64,0.112527,1
2025-01-01T01:00:31Z,43156.64,43156.67,43151.92,43153.15,0.720938,12
2025-01-01T01:00:32Z,43153.15,43154.72,43151.95,43154.38,0.225267,20
2025-01-01T01:00:33Z,43154.38,43159.16,43153.59,43157.95,0.311727,8
2025-01-01T01:00:34Z,43157.95,43158.53,43151.40,43152.76,0.398960,11
2025-01-01T01:00:35Z,43152.76,43155.56,43151.55,43155.50,0.192276,5
2025-01-01T01:00:36Z,43155.50,43155.56,43154.02,43154.71,0.442174,9
2025-01-01T01:00:37Z,43154.71,43156.55,43153.14,43155.09,0.680527,7
2025-01-01T01:00:38Z,43155.09,43156.44,43154.73,43155.58,0.365117,6
2025-01-01T01:00:39Z,43155.58,43158.53,43154.59,43158.34,0.358282,9
2025-01-01T01:00:40Z,43158.34,43159.57,43149.87,43151.46,0.725395,10
2025-01-01T01:00:41Z,43151.46,43158.68,43151.05,43157.51,0.365999,14
2025-01-01T01:00:42Z,43157.51,43158.40,43155.22,43155.75,0.384860,19
2025-01-01T01:00:43Z,43155.75,43158.17,43154.05,43156.62,0.367178,1
2025-01-01T01:00:44Z,43156.62,43158.99,43155.45,43157.47,0.186755,2
2025-01-01T01:00:45Z,43157.47,43157.80,43156.32,43157.66,0.330421,3
2025-01-01T01:00:46Z,43157.66,43158.24,43153.52,43153.88,0.288031,2
2025-01-01T01:00:47Z,43153.88,43155.39,43150.29,43151.49,0.262312,14
2025-01-01T01:00:48Z,43151.49,43156.37,43150.26,43155.71,0.525695,1
2025-01-01T01:00:49Z,43155.71,43155.87,43149.32,43149.42,0.585371,17
2025-01-01T01:00:50Z,43149.42,43151.48,43148.65,43151.36,0.378501,17
2025-01-01T01:00:51Z,43151.36,43152.48,43145.54,43147.18,0.162217,20
2025-01-01T01:00:52Z,43147.18,43147.41,43145.90,43147.33,0.217812,8
2025-01-01T01:00:53Z,43147.33,43148.42,43141.74,43142.46,0.302645,1
2025-01-01T01:00:54Z,43142.46,43142.71,43135.91,43136.15,0.468388,12
2025-01-01T01:00:55Z,43136.15,43137.62,43134.16,43135.65,0.487135,9
2025-01-01T01:00:56Z,43135.65,43137.92,43134.08,43136.42,0.445997,7
2025-01-01T01:00:57Z,43136.42,43137.46,43128.68,43129.75,0.298460,18
2025-01-01T01:00:58Z,43129.75,43130.28,43127.03,43128.18,0.437639,14
2025-01-01T01:00:59Z,43128.18,43129.45,43126.64,43127.25,0.314244,16
2025-01-01T01:01:00Z,43127.25,43128.10,43125.96,43126.64,0.998662,18
2025-01-01T01:01:01Z,43126.64,43128.04,43124.78,43125.15,0.701236,17
2025-01-01T01:01:02Z,43125.15,43129.41,43123.90,43129.37,0.247542,6
2025-01-01T01:01:03Z,43129.37,43130.16,43125.80,43126.49,0.405290,14
2025-01-01T01:01:04Z,43126.49,43127.69,43122.64,43122.66,0.454854,13
2025-01-01T01:01:05Z,43122.66,43124.42,43121.98,43124.28,0.510296,18
2025-01-01T01:01:06Z,43124.28,43129.84,43123.35,43128.30,0.438096,19
2025-01-01T01:01:07Z,43128.30,43129.31,43124.54,43125.94,0.391783,11
2025-01-01T01:01:08Z,43125.94,43126.74,43123.03,43123.77,0.331077,7
2025-01-01T01:01:09Z,43123.77,43128.62,43123.14,43127.04,0.206895,13
2025-01-01T01:01:10Z,43127.04,43127.37,43124.80,43124.92,0.723292,12
2025-01-01T01:01:11Z,43124.92,43130.22,43124.31,43128.72,0.174173,3
2025-01-01T01:01:12Z,43128.72,43129.25,43124.01,43124.75,0.414883,20
2025-01-01T01:01:13Z,43124.75,43125.96,43119.09,43119.40,0.882936,16
2025-01-01T01:01:14Z,43119.40,43119.49,43116.72,43117.12,0.273262,5
2025-01-01T01:01:15Z,43117.12,43120.80,43117.10,43120.21,0.450501,2
2025-01-01T01:01:16Z,43120.21,43121.52,43118.04,43118.08,0.520533,5
2025-01-01T01:01:17Z,43118.08,43119.86,43117.80,43118.14,0.611776,7
2025-01-01T01:01:18Z,43118.14,43120.25,43117.85,43120.22,0.367282,5
2025-01-01T01:01:19Z,43120.22,43121.62,43114.42,43115.78,0.995264,14
2025-01-01T01:01:20Z,43115.78,43120.19,43115.15,43119.20,0.324380,10
2025-01-01T01:01:21Z,43119.20,43125.00,43118.00,43123.29,0.101936,3
2025-01-01T01:01:22Z,43123.29,43125.83,43121.66,43125.31,0.687430,14
2025-01-01T01:01:23Z,43125.31,43126.48,43118.23,43119.80,0.173891,18
2025-01-01T01:01:24Z,43119.80,43125.39,43119.27,43124.77,0.596239,11
2025-01-01T01:01:25Z,43124.77,43126.02,43120.78,43121.27,1.329767,18
2025-01-01T01:01:26Z,43121.27,43122.87,43118.48,43119.37,1.126612,17
2025-01-01T01:01:27Z,43119.37,43119.71,43115.77,43116.28,0.481163,12
2025-01-01T01:01:28Z,43116.28,43117.37,43110.11,43111.59,0.529034,13
2025-01-01T01:01:29Z,43111.59,43113.02,43103.81,43104.70,0.476760,12
2025-01-01T01:01:30Z,43104.70,43105.58,43103.30,43104.35,0.139588,14
2025-01-01T01:01:31Z,43104.35,43105.68,43103.23,43104.28,0.277612,14
2025-01-01T01:01:32Z,43104.28,43111.03,43104.23,43109.54,0.160008,12
2025-01-01T01:01:33Z,43109.54,43111.25,43109.36,43109.41,0.251180,15
2025-01-01T01:01:34Z,43109.41,43112.74,43109.07,43112.65,0.410841,2
2025-01-01T01:01:35Z,43112.65,43119.36,43111.88,43118.16,0.738949,5
2025-01-01T01:01:36Z,43118.16,43121.18,43116.80,43120.71,0.257323,1
2025-01-01T01:01:37Z,43120.71,43121.13,43115.28,43116.87,0.397772,12
2025-01-01T01:01:38Z,43116.87,43119.84,43116.87,43118.64,0.198421,10
2025-01-01T01:01:39Z,43118.64,43119.42,43118.25,43119.06,0.528963,8
2025-01-01T01:01:40Z,43119.06,43122.70,43117.62,43121.63,0.314208,4
2025-01-01T01:01:41Z,43121.63,43121.82,43116.07,43116.48,0.322955,6
2025-01-01T01:01:42Z,43116.48,43117.27,43114.21,43114.67,0.484904,13
2025-01-01T01:01:43Z,43114.67,43117.49,43113.28,43115.93,0.238243,17
2025-01-01T01:01:44Z,43115.93,43116.26,43113.07,43114.31,0.306740,3
2025-01-01T01:01:45Z,43114.31,43116.59,43113.00,43116.14,0.772786,19
2025-01-01T01:01:46Z,43116.14,43117.12,43114.59,43116.30,0.138094,11
2025-01-01T01:01:47Z,43116.30,43119.10,43115.92,43117.80,0.353120,14
2025-01-01T01:01:48Z,43117.80,43120.70,43117.08,43119.24,0.231843,13
2025-01-01T01:01:49Z,43119.24,43121.06,43117.79,43120.89,0.898550,16
2025-01-01T01:01:50Z,43120.89,43122.14,43116.82,43118.32,0.223706,4
2025-01-01T01:01:51Z,43118.32,43121.17,43117.59,43120.87,0.377105,17
2025-01-01T01:01:52Z,43120.87,43126.51,43120.85,43125.83,0.410951,19
2025-01-01T01:01:53Z,43125.83,43126.23,43124.01,43125.05,0.346463,8
2025-01-01T01:01:54Z,43125.05,43130.79,43124.30,43129.15,0.365896,11
2025-01-01T01:01:55Z,43129.15,43129.21,43126.40,43126.97,0.468525,5
2025-01-01T01:01:56Z,43126.97,43129.67,43125.72,43128.51,0.314335,4
2025-01-01T01:01:57Z,43128.51,43130.14,43125.97,43127.61,0.120232,17
2025-01-01T01:01:58Z,43127.61,43131.38,43126.74,43131.31,0.297986,5
2025-01-01T01:01:59Z,43131.31,43131.95,43127.84,43129.24,0.321630,5
2025-01-01T01:02:00Z,43129.24,43129.65,43123.08,43123.51,0.224490,12
2025-01-01T01:02:01Z,43123.51,43124.27,43120.71,43121.52,0.405546,11
2025-01-01T01:02:02Z,43121.52,43122.01,43120.85,43121.30,0.747051,7
2025-01-01T01:02:03Z,43121.30,43123.14,43120.87,43122.02,0.620929,3
2025-01-01T01:02:04Z,43122.02,43127.46,43120.88,43125.98,0.423851,4
2025-01-01T01:02:05Z,43125.98,43126.54,43121.84,43122.54,0.439383,15
2025-01-01T01:02:06Z,43122.54,43123.89,43119.23,43119.82,0.186004,6
2025-01-01T01:02:07Z,43119.82,43120.70,43116.25,43117.70,0.165631,2
2025-01-01T01:02:08Z,43117.70,43119.12,43116.95,43117.22,0.170969,13
2025-01-01T01:02:09Z,43117.22,43118.20,43113.11,43113.24,0.302730,15
2025-01-01T01:02:10Z,43113.24,43114.57,43108.96,43109.58,0.438345,16
2025-01-01T01:02:11Z,43109.58,43111.15,43108.47,43111.14,0.265669,20
2025-01-01T01:02:12Z,43111.14,43113.39,43111.05,43111.90,0.299947,6
2025-01-01T01:02:13Z,43111.90,43111.91,43109.35,43110.69,0.213277,8
2025-01-01T01:02:14Z,43110.69,43110.75,43106.24,43106.61,0.545132,11
2025-01-01T01:02:15Z,43106.61,43107.47,43104.19,43104.97,0.327472,2
2025-01-01T01:02:16Z,43104.97,43106.21,43103.95,43104.31,0.285322,12
2025-01-01T01:02:17Z,43104.31,43109.46,43104.19,43108.95,0.454736,14
2025-01-01T01:02:18Z,43108.95,43109.08,43107.02,43107.44,0.386311,6
2025-01-01T01:02:19Z,43107.44,43107.56,43105.53,43107.03,0.297770,9
2025-01-01T01:02:20Z,43107.03,43107.57,43105.64,43105.90,0.175306,18
2025-01-01T01:02:21Z,43105.90,43107.30,43104.52,43107.01,0.707838,3
2025-01-01T01:02:22Z,43107.01,43111.69,43105.76,43110.79,0.427967,1
2025-01-01T01:02:23Z,43110.79,43111.20,43106.32,43107.29,0.430524,16
2025-01-01T01:02:24Z,43107.29,43113.95,43106.49,43112.92,0.379098,16
2025-01-01T01:02:25Z,43112.92,43113.66,43112.25,43112.57,0.200535,3
2025-01-01T01:02:26Z,43112.57,43113.92,43110.66,43112.32,0.706537,14
2025-01-01T01:02:27Z,43112.32,43118.21,43111.36,43117.79,0.488375,20
2025-01-01T01:02:28Z,43117.79,43118.58,43115.94,43116.85,0.978237,20
2025-01-01T01:02:29Z,43116.85,43119.27,43115.74,43118.81,0.323162,20
2025-01-01T01:02:30Z,43118.81,43120.23,43115.29,43116.32,0.339764,8
2025-01-01T01:02:31Z,43116.32,43118.99,43115.06,43118.23,0.864986,17
2025-01-01T01:02:32Z,43118.23,43119.69,43112.07,43112.48,0.319880,13
2025-01-01T01:02:33Z,43112.48,43113.80,43111.80,43112.46,0.618624,1
2025-01-01T01:02:34Z,43112.46,43113.25,43109.32,43109.66,0.687021,10
2025-01-01T01:02:35Z,43109.66,43113.97,43109.58,43112.55,0.473066,10
2025-01-01T01:02:36Z,43112.55,43113.07,43106.82,43108.17,0.549640,14
2025-01-01T01:02:37Z,43108.17,43108.53,43100.16,43100.54,0.213421,3
2025-01-01T01:02:38Z,43100.54,43101.92,43100.02,43101.75,0.415028,6
2025-01-01T01:02:39Z,43101.75,43102.26,43098.00,43098.39,0.475473,14
2025-01-01T01:02:40Z,43098.39,43098.82,43097.79,43098.33,0.397037,19
2025-01-01T01:02:41Z,43098.33,43100.01,43097.49,43099.13,0.190375,18
2025-01-01T01:02:42Z,43099.13,43099.64,43098.20,43099.59,0.357234,8
2025-01-01T01:02:43Z,43099.59,43100.28,43096.74,43097.13,0.398636,5
2025-01-01T01:02:44Z,43097.13,43099.76,43096.93,43098.12,0.466945,2
2025-01-01T01:02:45Z,43098.12,43098.78,43091.78,43092.81,0.302043,9
2025-01-01T01:02:46Z,43092.81,43099.40,43091.81,43098.21,0.191294,5
2025-01-01T01:02:47Z,43098.21,43100.85,43097.73,43099.97,0.246754,3
2025-01-01T01:02:48Z,43099.97,43100.97,43094.61,43096.31,0.336155,16
2025-01-01T01:02:49Z,43096.31,43096.89,43094.69,43095.46,0.583308,17
2025-01-01T01:02:50Z,43095.46,43096.28,43091.35,43091.84,0.477566,2
2025-01-01T01:02:51Z,43091.84,43092.38,43084.82,43086.42,0.198972,4
2025-01-01T01:02:52Z,43086.42,43087.78,43083.49,43085.19,0.229649,18
2025-01-01T01:02:53Z,43085.19,43092.90,43084.05,43091.84,0.106112,11
2025-01-01T01:02:54Z,43091.84,43093.55,43089.35,43089.70,0.155274,12
2025-01-01T01:02:55Z,43089.70,43092.56,43088.92,43091.13,0.324246,10
2025-01-01T01:02:56Z,43091.13,43092.70,43088.38,43089.25,0.614721,19
2025-01-01T01:02:57Z,43089.25,43089.35,43086.81,43087.73,0.242245,1
2025-01-01T01:02:58Z,43087.73,43088.58,43083.77,43084.10,0.444767,13
2025-01-01T01:02:59Z,43084.10,43084.49,43082.40,43084.11,0.517967,16
2025-01-01T01:03:00Z,43084.11,43084.57,43080.87,43080.93,0.567091,20
2025-01-01T01:03:01Z,43080.93,43082.37,43077.75,43078.17,0.533289,10
2025-01-01T01:03:02Z,43078.17,43079.04,43073.46,43074.05,0.985647,19
2025-01-01T01:03:03Z,43074.05,43079.30,43072.61,43078.36,0.420052,11
2025-01-01T01:03:04Z,43078.36,43079.78,43076.96,43079.60,0.146151,6
2025-01-01T01:03:05Z,43079.60,43080.15,43070.92,43072.44,0.242555,14
2025-01-01T01:03:06Z,43072.44,43078.61,43071.23,43078.43,0.262985,2
2025-01-01T01:03:07Z,43078.43,43078.64,43073.04,43073.97,0.208157,12
2025-01-01T01:03:08Z,43073.97,43075.22,43072.69,43073.64,0.309761,13
2025-01-01T01:03:09Z,43073.64,43080.45,43073.55,43080.07,0.699016,17
2025-01-01T01:03:10Z,43080.07,43081.72,43078.35,43078.43,0.470336,10
2025-01-01T01:03:11Z,43078.43,43079.05,43074.42,43075.78,0.382160,9
2025-01-01T01:03:12Z,43075.78,43078.24,43074.72,43076.54,1.058008,15
2025-01-01T01:03:13Z,43076.54,43077.37,43074.76,43076.10,0.171007,3
2025-01-01T01:03:14Z,43076.10,43076.21,43072.17,43072.52,0.778784,14
2025-01-01T01:03:15Z,43072.52,43075.32,43071.70,43074.54,0.202111,8
2025-01-01T01:03:16Z,43074.54,43075.76,43071.72,43072.04,0.251467,6
2025-01-01T01:03:17Z,43072.04,43073.30,43061.42,43063.05,0.148302,8
2025-01-01T01:03:18Z,43063.05,43064.67,43062.63,43063.51,0.524044,10
2025-01-01T01:03:19Z,43063.51,43065.07,43062.22,43062.38,0.409896,10
2025-01-01T01:03:20Z,43062.38,43063.69,43060.92,43061.87,0.526485,1
2025-01-01T01:03:21Z,43061.87,43064.17,43061.39,43063.90,1.078373,1
2025-01-01T01:03:22Z,43063.90,43064.61,43061.75,43062.96,0.523250,3
2025-01-01T01:03:23Z,43062.96,43064.65,43059.46,43060.17,0.222998,19
2025-01-01T01:03:24Z,43060.17,43060.78,43058.47,43059.54,0.410705,7
2025-01-01T01:03:25Z,43059.54,43063.24,43058.99,43062.44,0.510564,11
2025-01-01T01:03:26Z,43062.44,43068.74,43061.56,43067.67,0.578802,3
2025-01-01T01:03:27Z,43067.67,43068.82,43065.94,43067.36,0.292576,9
2025-01-01T01:03:28Z,43067.36,43070.97,43067.29,43069.26,0.616831,13
2025-01-01T01:03:29Z,43069.26,43074.61,43068.52,43073.38,0.538836,19
2025-01-01T01:03:30Z,43073.38,43074.04,43070.98,43071.96,0.162387,20
2025-01-01T01:03:31Z,43071.96,43075.39,43070.61,43074.03,0.291765,5
2025-01-01T01:03:32Z,43074.03,43075.19,43072.24,43073.12,0.233647,7
2025-01-01T01:03:33Z,43073.12,43077.75,43071.96,43076.36,0.384129,8
2025-01-01T01:03:34Z,43076.36,43076.54,43074.55,43076.20,0.383195,20
2025-01-01T01:03:35Z,43076.20,43080.54,43076.13,43080.10,0.274587,10
2025-01-01T01:03:36Z,43080.10,43082.26,43079.44,43081.29,0.414375,11
2025-01-01T01:03:37Z,43081.29,43084.23,43080.52,43083.63,0.623711,17
2025-01-01T01:03:38Z,43083.63,43088.31,43082.12,43087.26,0.558479,14
2025-01-01T01:03:39Z,43087.26,43088.65,43076.57,43077.61,0.638137,7
2025-01-01T01:03:40Z,43077.61,43079.10,43076.24,43076.94,0.179018,18
2025-01-01T01:03:41Z,43076.94,43079.25,43076.93,43078.35,1.120276,11
2025-01-01T01:03:42Z,43078.35,43079.98,43077.34,43077.71,0.280797,20
2025-01-01T01:03:43Z,43077.71,43083.14,43076.56,43082.03,0.377100,15
2025-01-01T01:03:44Z,43082.03,43082.48,43078.00,43078.03,0.505367,1
2025-01-01T01:03:45Z,43078.03,43079.54,43074.04,43075.53,0.346324,9
2025-01-01T01:03:46Z,43075.53,43075.67,43068.44,43070.10,0.220174,15
2025-01-01T01:03:47Z,43070.10,43070.28,43064.24,43064.92,0.598085,11
2025-01-01T01:03:48Z,43064.92,43069.01,43064.05,43068.07,0.274273,9
2025-01-01T01:03:49Z,43068.07,43069.06,43066.82,43068.09,0.250934,7
2025-01-01T01:03:50Z,43068.09,43072.87,43066.39,43071.35,0.405069,9
2025-01-01T01:03:51Z,43071.35,43071.90,43069.17,43070.74,0.651895,14
2025-01-01T01:03:52Z,43070.74,43075.20,43069.90,43073.57,0.304920,9
2025-01-01T01:03:53Z,43073.57,43075.12,43068.68,43070.05,0.330841,18
2025-01-01T01:03:54Z,43070.05,43071.43,43063.56,43063.78,0.452105,11
2025-01-01T01:03:55Z,43063.78,43065.28,43058.20,43059.92,0.341366,13
2025-01-01T01:03:56Z,43059.92,43063.71,43059.80,43062.00,0.269346,17
2025-01-01T01:03:57Z,43062.00,43063.11,43058.96,43059.95,0.534937,18
2025-01-01T01:03:58Z,43059.95,43063.78,43059.07,43063.44,0.156329,3
2025-01-01T01:03:59Z,43063.44,43063.48,43059.54,43059.68,0.551037,19
2025-01-01T01:04:00Z,43059.68,43061.34,43056.42,43057.47,0.130254,17
2025-01-01T01:04:01Z,43057.47,43061.13,43057.22,43059.65,1.085567,15
2025-01-01T01:04:02Z,43059.65,43060.47,43056.17,43057.70,0.311845,2
2025-01-01T01:04:03Z,43057.70,43062.05,43056.41,43060.42,0.259115,10
2025-01-01T01:04:04Z,43060.42,43062.26,43059.08,43061.56,0.246070,8
2025-01-01T01:04:05Z,43061.56,43066.48,43060.64,43066.08,0.438660,8
2025-01-01T01:04:06Z,43066.08,43066.23,43061.29,43062.52,0.457815,8
2025-01-01T01:04:07Z,43062.52,43067.76,43061.00,43066.32,0.102836,15
2025-01-01T01:04:08Z,43066.32,43067.48,43061.27,43062.80,0.067914,15
2025-01-01T01:04:09Z,43062.80,43064.62,43061.60,43063.70,0.399476,18
2025-01-01T01:04:10Z,43063.70,43069.16,43063.24,43067.76,0.362071,12
2025-01-01T01:04:11Z,43067.76,43068.82,43064.21,43065.39,1.013713,5
2025-01-01T01:04:12Z,43065.39,43066.16,43058.91,43059.70,0.109402,1
2025-01-01T01:04:13Z,43059.70,43061.36,43054.88,43056.23,0.354087,18
2025-01-01T01:04:14Z,43056.23,43057.74,43055.45,43055.49,0.633372,12
2025-01-01T01:04:15Z,43055.49,43055.77,43054.46,43055.64,0.306542,3
2025-01-01T01:04:16Z,43055.64,43055.99,43052.73,43054.07,0.146883,2
2025-01-01T01:04:17Z,43054.07,43058.75,43053.99,43057.64,1.163666,14
2025-01-01T01:04:18Z,43057.64,43058.51,43055.00,43055.41,0.288243,8
2025-01-01T01:04:19Z,43055.41,43058.67,43053.76,43057.76,0.242544,12
2025-01-01T01:04:20Z,43057.76,43059.57,43056.27,43058.00,0.214552,2
2025-01-01T01:04:21Z,43058.00,43067.66,43056.42,43066.57,0.625643,1
2025-01-01T01:04:22Z,43066.57,43069.49,43066.46,43069.35,0.268396,12
2025-01-01T01:04:23Z,43069.35,43070.77,43065.71,43065.84,0.530268,17
2025-01-01T01:04:24Z,43065.84,43067.28,43059.04,43060.75,0.716501,15
2025-01-01T01:04:25Z,43060.75,43062.11,43057.98,43058.46,0.335621,10
2025-01-01T01:04:26Z,43058.46,43058.62,43053.82,43054.93,0.476883,1
2025-01-01T01:04:27Z,43054.93,43056.11,43054.13,43055.62,0.414544,13
2025-01-01T01:04:28Z,43055.62,43056.68,43052.52,43053.79,0.490732,11
2025-01-01T01:04:29Z,43053.79,43055.48,43052.24,43053.25,0.644176,1
2025-01-01T01:04:30Z,43053.25,43053.57,43051.99,43052.71,0.254963,8
2025-01-01T01:04:31Z,43052.71,43053.79,43047.55,43048.28,0.732306,13
2025-01-01T01:04:32Z,43048.28,43052.97,43047.86,43052.19,0.483885,9
2025-01-01T01:04:33Z,43052.19,43053.80,43050.91,43053.02,0.305369,10
2025-01-01T01:04:34Z,43053.02,43057.31,43052.45,43057.31,0.293117,6
2025-01-01T01:04:35Z,43057.31,43058.89,43052.10,43052.49,0.371946,12
2025-01-01T01:04:36Z,43052.49,43058.08,43051.28,43056.79,0.622343,16
2025-01-01T01:04:37Z,43056.79,43057.61,43056.44,43056.61,0.236601,12
2025-01-01T01:04:38Z,43056.61,43061.23,43055.99,43061.21,0.317371,14
2025-01-01T01:04:39Z,43061.21,43064.96,43060.29,43063.63,0.232785,20
2025-01-01T01:04:40Z,43063.63,43069.76,43063.34,43069.13,0.177819,11
2025-01-01T01:04:41Z,43069.13,43069.73,43065.75,43066.82,0.629973,17
2025-01-01T01:04:42Z,43066.82,43068.19,43064.35,43064.48,0.679613,17
2025-01-01T01:04:43Z,43064.48,43072.74,43062.80,43071.29,0.198025,20
2025-01-01T01:04:44Z,43071.29,43074.82,43071.12,43073.20,0.220224,19
2025-01-01T01:04:45Z,43073.20,43077.24,43071.66,43077.08,0.861237,7
2025-01-01T01:04:46Z,43077.08,43078.78,43076.42,43078.34,0.183223,6
2025-01-01T01:04:47Z,43078.34,43078.88,43077.79,43078.06,1.365524,19
2025-01-01T01:04:48Z,43078.06,43079.75,43070.20,43071.66,1.109580,4
2025-01-01T01:04:49Z,43071.66,43073.50,43070.77,43073.20,0.274500,7
2025-01-01T01:04:50Z,43073.20,43074.35,43072.58,43073.25,0.313482,2
2025-01-01T01:04:51Z,43073.25,43077.77,43072.74,43076.38,0.335475,4
2025-01-01T01:04:52Z,43076.38,43081.69,43075.68,43080.16,0.423247,11
2025-01-01T01:04:53Z,43080.16,43080.71,43076.54,43077.24,0.614285,10
2025-01-01T01:04:54Z,43077.24,43077.44,43073.03,43073.99,0.205831,20
2025-01-01T01:04:55Z,43073.99,43081.89,43072.96,43080.42,0.318506,10
2025-01-01T01:04:56Z,43080.42,43082.00,43075.84,43077.23,0.717271,20
2025-01-01T01:04:57Z,43077.23,43077.39,43069.78,43069.88,0.530711,5
2025-01-01T01:04:58Z,43069.88,43072.69,43069.67,43071.32,0.387646,17
2025-01-01T01:04:59Z,43071.32,43075.15,43071.05,43073.56,0.261421,6
2025-01-01T01:05:00Z,43073.56,43074.62,43070.28,43071.62,0.256514,19
2025-01-01T01:05:01Z,43071.62,43073.00,43067.70,43068.92,0.393945,12
2025-01-01T01:05:02Z,43068.92,43069.87,43062.36,43063.14,0.452596,1
2025-01-01T01:05:03Z,43063.14,43063.54,43062.03,43063.46,0.300155,18
2025-01-01T01:05:04Z,43063.46,43063.68,43059.97,43061.35,0.817183,5
2025-01-01T01:05:05Z,43061.35,43065.84,43061.20,43064.79,0.087867,2
2025-01-01T01:05:06Z,43064.79,43066.31,43057.87,43059.26,0.235821,2
2025-01-01T01:05:07Z,43059.26,43069.75,43059.21,43069.25,0.259018,12
2025-01-01T01:05:08Z,43069.25,43073.87,43067.61,43073.41,0.403283,3
2025-01-01T01:05:09Z,43073.41,43074.50,43065.89,43067.56,0.409901,13
2025-01-01T01:05:10Z,43067.56,43070.26,43066.01,43070.20,0.146423,14
2025-01-01T01:05:11Z,43070.20,43071.59,43069.24,43069.62,0.409680,17
2025-01-01T01:05:12Z,43069.62,43070.22,43061.82,43063.02,0.916201,8
2025-01-01T01:05:13Z,43063.02,43065.68,43062.35,43065.55,0.722483,5
2025-01-01T01:05:14Z,43065.55,43068.02,43064.03,43067.00,0.749179,1
2025-01-01T01:05:15Z,43067.00,43068.59,43064.97,43065.80,0.462307,15
2025-01-01T01:05:16Z,43065.80,43067.99,43065.78,43066.99,0.371455,4
2025-01-01T01:05:17Z,43066.99,43068.30,43064.97,43066.22,0.697033,11
2025-01-01T01:05:18Z,43066.22,43067.86,43064.73,43065.71,0.246414,4
2025-01-01T01:05:19Z,43065.71,43066.16,43059.98,43061.37,0.244440,18
2025-01-01T01:05:20Z,43061.37,43061.79,43060.10,43061.63,0.345996,19
2025-01-01T01:05:21Z,43061.63,43065.48,43061.25,43064.91,0.459731,1
2025-01-01T01:05:22Z,43064.91,43066.77,43064.02,43065.89,0.652310,14
2025-01-01T01:05:23Z,43065.89,43067.33,43062.89,43063.46,0.445002,6
2025-01-01T01:05:24Z,43063.46,43064.60,43058.93,43060.08,0.537943,6
2025-01-01T01:05:25Z,43060.08,43065.11,43058.52,43063.88,0.472808,7
2025-01-01T01:05:26Z,43063.88,43065.88,43062.33,43065.81,0.375807,10
2025-01-01T01:05:27Z,43065.81,43069.77,43064.37,43068.60,0.359929,16
2025-01-01T01:05:28Z,43068.60,43069.28,43063.35,43063.91,0.400581,9
2025-01-01T01:05:29Z,43063.91,43065.17,43062.89,43063.88,0.631702,5
2025-01-01T01:05:30Z,43063.88,43067.11,43062.26,43066.77,0.291571,11
2025-01-01T01:05:31Z,43066.77,43069.40,43066.50,43068.36,0.370352,9
2025-01-01T01:05:32Z,43068.36,43068.84,43063.04,43064.70,0.709903,6
2025-01-01T01:05:33Z,43064.70,43065.44,43063.30,43063.86,0.156273,16
2025-01-01T01:05:34Z,43063.86,43064.32,43060.44,43061.14,0.479689,12
2025-01-01T01:05:35Z,43061.14,43063.95,43060.39,43062.61,0.863782,15
2025-01-01T01:05:36Z,43062.61,43064.22,43059.06,43059.08,0.677202,7
2025-01-01T01:05:37Z,43059.08,43059.68,43057.59,43058.46,0.329441,2
2025-01-01T01:05:38Z,43058.46,43064.32,43057.33,43063.33,0.193804,18
2025-01-01T01:05:39Z,43063.33,43067.63,43062.96,43066.27,0.659815,16
2025-01-01T01:05:40Z,43066.27,43067.24,43062.20,43063.09,0.199616,2
2025-01-01T01:05:41Z,43063.09,43067.75,43061.71,43066.10,0.144150,7
2025-01-01T01:05:42Z,43066.10,43069.97,43064.63,43069.84,0.647958,8
2025-01-01T01:05:43Z,43069.84,43070.49,43066.03,43067.55,0.310860,11
2025-01-01T01:05:44Z,43067.55,43067.57,43066.92,43067.34,0.225698,20
2025-01-01T01:05:45Z,43067.34,43072.49,43066.51,43070.96,0.166765,13
2025-01-01T01:05:46Z,43070.96,43071.19,43068.66,43069.75,0.523944,10
2025-01-01T01:05:47Z,43069.75,43070.82,43068.30,43068.40,0.406806,17
2025-01-01T01:05:48Z,43068.40,43070.60,43067.32,43069.83,0.815475,12
2025-01-01T01:05:49Z,43069.83,43071.10,43066.70,43067.00,0.307243,7
2025-01-01T01:05:50Z,43067.00,43068.16,43059.86,43060.64,0.750348,3
2025-01-01T01:05:51Z,43060.64,43062.21,43057.62,43058.29,0.335805,20
2025-01-01T01:05:52Z,43058.29,43059.17,43055.14,43055.63,0.312903,20
2025-01-01T01:05:53Z,43055.63,43059.87,43055.60,43058.53,0.358625,19
2025-01-01T01:05:54Z,43058.53,43059.58,43055.81,43055.92,0.359592,5
2025-01-01T01:05:55Z,43055.92,43056.91,43047.11,43048.29,0.159606,20
2025-01-01T01:05:56Z,43048.29,43050.10,43047.55,43048.95,0.241757,17
2025-01-01T01:05:57Z,43048.95,43050.25,43044.61,43045.92,0.383588,19
2025-01-01T01:05:58Z,43045.92,43046.67,43041.65,43042.31,0.358803,10
2025-01-01T01:05:59Z,43042.31,43044.17,43041.85,43042.92,0.506157,10
2025-01-01T01:06:00Z,43042.92,43044.90,43041.79,43043.97,0.502851,5
2025-01-01T01:06:01Z,43043.97,43051.05,43042.54,43049.80,0.218978,2
2025-01-01T01:06:02Z,43049.80,43051.00,43041.03,43041.55,0.241484,19
2025-01-01T01:06:03Z,43041.55,43043.08,43041.33,43042.29,0.226558,9
2025-01-01T01:06:04Z,43042.29,43043.60,43034.66,43035.71,0.201081,9
2025-01-01T01:06:05Z,43035.71,43038.56,43034.88,43037.36,0.348388,13
2025-01-01T01:06:06Z,43037.36,43037.83,43035.68,43037.35,0.434393,13
2025-01-01T01:06:07Z,43037.35,43040.76,43035.84,43039.84,0.320651,11
2025-01-01T01:06:08Z,43039.84,43044.78,43038.18,43043.86,0.322582,19
2025-01-01T01:06:09Z,43043.86,43050.84,43042.42,43049.48,0.357046,16
2025-01-01T01:06:10Z,43049.48,43050.61,43046.21,43046.91,0.492411,4
2025-01-01T01:06:11Z,43046.91,43051.39,43046.20,43050.06,0.154307,10
2025-01-01T01:06:12Z,43050.06,43050.86,43046.94,43047.38,0.311129,9
2025-01-01T01:06:13Z,43047.38,43049.69,43046.53,43048.43,0.484645,8
2025-01-01T01:06:14Z,43048.43,43050.84,43047.88,43050.24,0.318804,7
2025-01-01T01:06:15Z,43050.24,43051.10,43049.52,43050.01,0.500079,4
2025-01-01T01:06:16Z,43050.01,43051.43,43047.71,43047.88,0.211117,1
2025-01-01T01:06:17Z,43047.88,43049.61,43047.82,43048.48,0.740167,9
2025-01-01T01:06:18Z,43048.48,43049.22,43043.94,43044.97,0.640337,4
2025-01-01T01:06:19Z,43044.97,43045.66,43042.01,43043.22,0.499631,18
2025-01-01T01:06:20Z,43043.22,43045.02,43042.53,43044.29,0.597915,8
2025-01-01T01:06:21Z,43044.29,43044.92,43035.45,43036.61,0.283326,14
2025-01-01T01:06:22Z,43036.61,43038.02,43035.69,43037.80,0.121365,7
2025-01-01T01:06:23Z,43037.80,43038.59,43037.21,43038.19,0.242022,1
2025-01-01T01:06:24Z,43038.19,43041.28,43036.63,43040.24,0.266782,10
2025-01-01T01:06:25Z,43040.24,43042.99,43039.85,43041.31,0.287013,8
2025-01-01T01:06:26Z,43041.31,43042.56,43038.53,43039.25,0.623846,1
2025-01-01T01:06:27Z,43039.25,43044.65,43037.92,43044.31,0.446153,12
2025-01-01T01:06:28Z,43044.31,43045.55,43042.91,43044.93,0.333891,6
2025-01-01T01:06:29Z,43044.93,43046.60,43040.74,43041.33,0.159940,19
2025-01-01T01:06:30Z,43041.33,43047.86,43041.09,43046.48,0.376768,13
2025-01-01T01:06:31Z,43046.48,43047.22,43043.74,43044.74,0.247465,6
2025-01-01T01:06:32Z,43044.74,43049.39,43043.25,43049.10,0.489326,4
2025-01-01T01:06:33Z,43049.10,43052.38,43047.74,43051.37,0.451974,5
2025-01-01T01:06:34Z,43051.37,43056.38,43050.69,43054.89,0.509155,9
2025-01-01T01:06:35Z,43054.89,43055.97,43049.24,43049.71,0.153659,11
2025-01-01T01:06:36Z,43049.71,43049.90,43048.12,43048.29,0.606366,11
2025-01-01T01:06:37Z,43048.29,43056.19,43047.63,43056.04,0.337062,1
2025-01-01T01:06:38Z,43056.04,43056.40,43053.94,43055.36,0.421800,19
2025-01-01T01:06:39Z,43055.36,43055.73,43052.20,43053.64,0.544163,4
